url,page_type,slug,h1,seo_title,meta_description,canonical,og_title,og_description,og_image,robots,schema_type,primary_image,old_url_if_changed,notes
/,home,,"De meest effectieve machines voor berm, sloot, tuin en park",Machines voor berm, sloot, tuin en park | Wim van Breda,"Wim van Breda levert, onderhoudt en verhuurt professionele machines voor groen-, berm- en terreinbeheer. Nieuw, occasion en verhuur uit Geldermalsen.",https://www.wimvanbreda.nl/,Machines voor berm, sloot, tuin en park | Wim van Breda,"Wim van Breda levert, onderhoudt en verhuurt professionele machines voor groen-, berm- en terreinbeheer. Nieuw, occasion en verhuur uit Geldermalsen.",,"index,follow","Organization,WebSite",,,
/machines/,listing,machines,Nieuwe machines,Nieuwe machines voor groenbeheer | Wim van Breda,"Bekijk het actuele aanbod nieuwe machines voor groen-, berm- en terreinbeheer. Filter op machinetype en merk en vraag deskundig advies aan.",https://www.wimvanbreda.nl/machines/,Nieuwe machines voor groenbeheer | Wim van Breda,"Bekijk het actuele aanbod nieuwe machines voor groen-, berm- en terreinbeheer. Filter op machinetype en merk en vraag deskundig advies aan.",,"index,follow",,,,
/occasions/,listing,occasions,Occasions,Occasions: gebruikte machines | Wim van Breda,"Gebruikte machines, technisch nagekeken in onze eigen werkplaats. Filter op merk en type.",https://www.wimvanbreda.nl/occasions/,Occasions: gebruikte machines | Wim van Breda,"Gebruikte machines, technisch nagekeken in onze eigen werkplaats. Filter op merk en type.",,"index,follow",,,,
/verhuur/,listing,verhuur,Verhuur,Machines huren voor tijdelijke inzet | Wim van Breda,"Huur professionele machines voor groen-, berm- en terreinbeheer. Beschikbare verhuurmachines, korte lijnen en service vanuit Geldermalsen.",https://www.wimvanbreda.nl/verhuur/,Machines huren voor tijdelijke inzet | Wim van Breda,"Huur professionele machines voor groen-, berm- en terreinbeheer. Beschikbare verhuurmachines, korte lijnen en service vanuit Geldermalsen.",,"index,follow",,,,
/service/,fixed,service,"Service, reparatie en onderhoud","Service, reparatie en onderhoud | Wim van Breda","Reparatie en onderhoud van machines in onze werkplaats in Geldermalsen of bij u op locatie. Servicemonteurs, vervangend materieel en duizenden onderdelen op voorraad.",https://www.wimvanbreda.nl/service/,"Service, reparatie en onderhoud | Wim van Breda","Reparatie en onderhoud van machines in onze werkplaats in Geldermalsen of bij u op locatie. Servicemonteurs, vervangend materieel en duizenden onderdelen op voorraad.",,"index,follow",,,,
/merken/,listing,merken,Merken,Merken machines groenbeheer | Wim van Breda,"De merken waarmee Wim van Breda samenwerkt: Herder, Votex, GreenTec en meer. Zoek op merk of filter op machinetype.",https://www.wimvanbreda.nl/merken/,Merken machines groenbeheer | Wim van Breda,"De merken waarmee Wim van Breda samenwerkt: Herder, Votex, GreenTec en meer. Zoek op merk of filter op machinetype.",,"index,follow",,,,
/nieuws/,listing,nieuws,Nieuws,Nieuws over machines en het bedrijf | Wim van Breda,"Nieuwe machines in het programma, leveringen, beurzen en ontwikkelingen bij Wim van Breda in Geldermalsen.",https://www.wimvanbreda.nl/nieuws/,Nieuws over machines en het bedrijf | Wim van Breda,"Nieuwe machines in het programma, leveringen, beurzen en ontwikkelingen bij Wim van Breda in Geldermalsen.",,"index,follow",,,,
/werken-bij/,fixed,werken-bij,Werken bij Wim van Breda,Werken bij Wim van Breda: vacatures | Wim van Breda,Echte vakmensen met passie voor deze sector. Bekijk de actuele vacatures bij Wim van Breda in Geldermalsen of stuur een open sollicitatie.,https://www.wimvanbreda.nl/werken-bij/,Werken bij Wim van Breda: vacatures | Wim van Breda,Echte vakmensen met passie voor deze sector. Bekijk de actuele vacatures bij Wim van Breda in Geldermalsen of stuur een open sollicitatie.,,"index,follow",,,,
/geleverd/,listing,geleverd,Geleverd,Geleverde machines en projecten | Wim van Breda,"Machines die recent hun weg naar onze klanten vonden: maaiarmen, klepelmaaiers, veegmachines en meer, geleverd door Wim van Breda.",https://www.wimvanbreda.nl/geleverd/,Geleverde machines en projecten | Wim van Breda,"Machines die recent hun weg naar onze klanten vonden: maaiarmen, klepelmaaiers, veegmachines en meer, geleverd door Wim van Breda.",,"index,follow",,,,
/magazines/,listing,magazines,Magazines,Wim van Breda Magazine | Wim van Breda,"Onze magazines met machinenieuws, klantverhalen uit de praktijk en achtergronden over het werk in weg, berm en sloot.",https://www.wimvanbreda.nl/magazines/,Wim van Breda Magazine | Wim van Breda,"Onze magazines met machinenieuws, klantverhalen uit de praktijk en achtergronden over het werk in weg, berm en sloot.",,"index,follow",,,,
/over-ons/,fixed,over-ons,Over ons,Over ons: bewuste vooruitgang sinds 1957 | Wim van Breda,"Wim van Breda is een familiebedrijf met 45 collega’s, eigen werkplaats en ruim zestig jaar historie. Lees ons verhaal en bekijk de tijdlijn vanaf 1957.",https://www.wimvanbreda.nl/over-ons/,Over ons: bewuste vooruitgang sinds 1957 | Wim van Breda,"Wim van Breda is een familiebedrijf met 45 collega’s, eigen werkplaats en ruim zestig jaar historie. Lees ons verhaal en bekijk de tijdlijn vanaf 1957.",,"index,follow",,,,
/contact/,fixed,contact,Contact,"Contact, openingstijden en route | Wim van Breda","Bel, WhatsApp of bezoek Wim van Breda aan de Oudenhof 14 in Geldermalsen. Openingstijden, telefoonnummers per afdeling en contactformulier.",https://www.wimvanbreda.nl/contact/,"Contact, openingstijden en route | Wim van Breda","Bel, WhatsApp of bezoek Wim van Breda aan de Oudenhof 14 in Geldermalsen. Openingstijden, telefoonnummers per afdeling en contactformulier.",,"index,follow",,,,
/verhuur/maaimachines/,verhuur_categorie,maaimachines,Maaimachines,Maaimachines huren | Wim van Breda,"Zelfrijdende en getrokken maaimachines voor bermen, taluds en terreinen. Kort of langer huren, met instructie bij aflevering.",https://www.wimvanbreda.nl/verhuur/maaimachines/,Maaimachines huren | Wim van Breda,"Zelfrijdende en getrokken maaimachines voor bermen, taluds en terreinen. Kort of langer huren, met instructie bij aflevering.",,"index,follow",,,,
/verhuur/aanbouwwerktuigen-maaiarmen-kranen/,verhuur_categorie,aanbouwwerktuigen-maaiarmen-kranen,Aanbouwwerktuigen voor maaiarmen en kranen,Aanbouwwerktuigen voor maaiarmen en kranen huren,"Klepelkoppen, maaikorven, takkenscharen en greppelbakken die u tijdelijk op uw eigen arm of kraan zet. Bekijk het verhuuraanbod bij Wim van Breda in Geldermalsen.",https://www.wimvanbreda.nl/verhuur/aanbouwwerktuigen-maaiarmen-kranen/,Aanbouwwerktuigen voor maaiarmen en kranen huren,"Klepelkoppen, maaikorven, takkenscharen en greppelbakken die u tijdelijk op uw eigen arm of kraan zet. Bekijk het verhuuraanbod bij Wim van Breda in Geldermalsen.",,"index,follow",,,,
/verhuur/bosbouw/,verhuur_categorie,bosbouw,Bosbouw,Bosbouw huren | Wim van Breda,"Machines en werktuigen voor bosrandbeheer, houtverwerking en het vrijmaken van percelen. Bekijk het verhuuraanbod bij Wim van Breda in Geldermalsen.",https://www.wimvanbreda.nl/verhuur/bosbouw/,Bosbouw huren | Wim van Breda,"Machines en werktuigen voor bosrandbeheer, houtverwerking en het vrijmaken van percelen. Bekijk het verhuuraanbod bij Wim van Breda in Geldermalsen.",,"index,follow",,,,
/merken/as-motor/,merk,as-motor,AS-Motor,AS-Motor machines | Wim van Breda,"Bekijk het AS-Motor-programma bij Wim van Breda: Hoogovermaaiers en maaimachines voor ruw en steil terrein. Advies, onderdelen en service uit Geldermalsen.",https://www.wimvanbreda.nl/merken/as-motor/,AS-Motor machines | Wim van Breda,"Bekijk het AS-Motor-programma bij Wim van Breda: Hoogovermaaiers en maaimachines voor ruw en steil terrein. Advies, onderdelen en service uit Geldermalsen.",assets/brands/as-motor.png,"index,follow",(geen los schema; alleen Organization),assets/brands/as-motor.png,,
/merken/bb-umwelttechnik/,merk,bb-umwelttechnik,BB-Umwelttechnik,BB-Umwelttechnik machines | Wim van Breda,"Bekijk het BB-Umwelttechnik-programma bij Wim van Breda: Machines voor onkruidbeheersing en straatreiniging. Advies, onderdelen en service uit Geldermalsen.",https://www.wimvanbreda.nl/merken/bb-umwelttechnik/,BB-Umwelttechnik machines | Wim van Breda,"Bekijk het BB-Umwelttechnik-programma bij Wim van Breda: Machines voor onkruidbeheersing en straatreiniging. Advies, onderdelen en service uit Geldermalsen.",assets/brands/bb-umwelttechnik.png,"index,follow",(geen los schema; alleen Organization),assets/brands/bb-umwelttechnik.png,,
/merken/bretrac/,merk,bretrac,BreTrac,BreTrac machines | Wim van Breda,"Bekijk het BreTrac-programma bij Wim van Breda: Eigen machineconcept van Wim van Breda voor specialistisch beheerwerk. Advies, onderdelen en service uit Geldermalsen.",https://www.wimvanbreda.nl/merken/bretrac/,BreTrac machines | Wim van Breda,"Bekijk het BreTrac-programma bij Wim van Breda: Eigen machineconcept van Wim van Breda voor specialistisch beheerwerk. Advies, onderdelen en service uit Geldermalsen.",assets/brands/bretrac.png,"index,follow",(geen los schema; alleen Organization),assets/brands/bretrac.png,,
/merken/fermex/,merk,fermex,Fermex,Fermex machines | Wim van Breda,"Bekijk het Fermex-programma bij Wim van Breda: Klepelmaaiers en maaiarmen voor beheer van bermen en terreinen. Advies, onderdelen en service uit Geldermalsen.",https://www.wimvanbreda.nl/merken/fermex/,Fermex machines | Wim van Breda,"Bekijk het Fermex-programma bij Wim van Breda: Klepelmaaiers en maaiarmen voor beheer van bermen en terreinen. Advies, onderdelen en service uit Geldermalsen.",assets/brands/fermex.png,"index,follow",(geen los schema; alleen Organization),assets/brands/fermex.png,,
/merken/greentec/,merk,greentec,GreenTec,GreenTec machines | Wim van Breda,"Bekijk het GreenTec-programma bij Wim van Breda: Maaiarmen en takkenscharen met een modulair systeem. Advies, onderdelen en service uit Geldermalsen.",https://www.wimvanbreda.nl/merken/greentec/,GreenTec machines | Wim van Breda,"Bekijk het GreenTec-programma bij Wim van Breda: Maaiarmen en takkenscharen met een modulair systeem. Advies, onderdelen en service uit Geldermalsen.",assets/images/merken/greentec/greentec-1.webp,"index,follow",(geen los schema; alleen Organization),assets/brands/greentec.png,,
/merken/herder/,merk,herder,Herder,Herder machines | Wim van Breda,"Bekijk het Herder-programma bij Wim van Breda: Maaiarmen, maaikorven en dijkenmaaiers voor waterschappen en aannemers. Advies, onderdelen en service uit Geldermalsen.",https://www.wimvanbreda.nl/merken/herder/,Herder machines | Wim van Breda,"Bekijk het Herder-programma bij Wim van Breda: Maaiarmen, maaikorven en dijkenmaaiers voor waterschappen en aannemers. Advies, onderdelen en service uit Geldermalsen.",assets/images/merken/herder/herder-maaiarm.jpg,"index,follow",(geen los schema; alleen Organization),assets/images/merken/herder/herder-logo.png,,
/merken/hoaf/,merk,hoaf,HOAF,HOAF machines | Wim van Breda,"Bekijk het HOAF-programma bij Wim van Breda: Onkruidbestrijding met infraroodtechniek. Advies, onderdelen en service uit Geldermalsen.",https://www.wimvanbreda.nl/merken/hoaf/,HOAF machines | Wim van Breda,"Bekijk het HOAF-programma bij Wim van Breda: Onkruidbestrijding met infraroodtechniek. Advies, onderdelen en service uit Geldermalsen.",assets/brands/hoaf.png,"index,follow",(geen los schema; alleen Organization),assets/brands/hoaf.png,,
/merken/husmann/,merk,husmann,Husmann,Husmann machines | Wim van Breda,"Bekijk het Husmann-programma bij Wim van Breda: Veegmachines en aanbouwdelen voor terreinreiniging. Advies, onderdelen en service uit Geldermalsen.",https://www.wimvanbreda.nl/merken/husmann/,Husmann machines | Wim van Breda,"Bekijk het Husmann-programma bij Wim van Breda: Veegmachines en aanbouwdelen voor terreinreiniging. Advies, onderdelen en service uit Geldermalsen.",assets/brands/husmann.png,"index,follow",(geen los schema; alleen Organization),assets/brands/husmann.png,,
/merken/jan-veenhuis/,merk,jan-veenhuis,Jan Veenhuis,Jan Veenhuis machines | Wim van Breda,"Bekijk het Jan Veenhuis-programma bij Wim van Breda: Transportwagens en kippers voor de aannemerij. Advies, onderdelen en service uit Geldermalsen.",https://www.wimvanbreda.nl/merken/jan-veenhuis/,Jan Veenhuis machines | Wim van Breda,"Bekijk het Jan Veenhuis-programma bij Wim van Breda: Transportwagens en kippers voor de aannemerij. Advies, onderdelen en service uit Geldermalsen.",assets/brands/jan-veenhuis.png,"index,follow",(geen los schema; alleen Organization),assets/brands/jan-veenhuis.png,,
/merken/kersten/,merk,kersten,Kersten,Kersten machines | Wim van Breda,"Bekijk het Kersten-programma bij Wim van Breda: Veegmachines en werktuigen voor terreinbeheer. Advies, onderdelen en service uit Geldermalsen.",https://www.wimvanbreda.nl/merken/kersten/,Kersten machines | Wim van Breda,"Bekijk het Kersten-programma bij Wim van Breda: Veegmachines en werktuigen voor terreinbeheer. Advies, onderdelen en service uit Geldermalsen.",assets/brands/kersten.png,"index,follow",(geen los schema; alleen Organization),assets/brands/kersten.png,,
/merken/lm-trac/,merk,lm-trac,LM Trac,LM Trac machines | Wim van Breda,"Bekijk het LM Trac-programma bij Wim van Breda: Compacte werktuigdragers voor smalle en zware inzet. Advies, onderdelen en service uit Geldermalsen.",https://www.wimvanbreda.nl/merken/lm-trac/,LM Trac machines | Wim van Breda,"Bekijk het LM Trac-programma bij Wim van Breda: Compacte werktuigdragers voor smalle en zware inzet. Advies, onderdelen en service uit Geldermalsen.",assets/brands/lm-trac.png,"index,follow",(geen los schema; alleen Organization),assets/brands/lm-trac.png,,
/merken/martignani/,merk,martignani,Martignani,Martignani machines | Wim van Breda,"Bekijk het Martignani-programma bij Wim van Breda: Spuittechniek met lagevolume-vernevelaars. Advies, onderdelen en service uit Geldermalsen.",https://www.wimvanbreda.nl/merken/martignani/,Martignani machines | Wim van Breda,"Bekijk het Martignani-programma bij Wim van Breda: Spuittechniek met lagevolume-vernevelaars. Advies, onderdelen en service uit Geldermalsen.",assets/brands/martignani.png,"index,follow",(geen los schema; alleen Organization),assets/brands/martignani.png,,
/merken/massey-ferguson/,merk,massey-ferguson,Massey Ferguson,Massey Ferguson machines | Wim van Breda,"Bekijk het Massey Ferguson-programma bij Wim van Breda: Tractoren voor landbouw, aannemerij en gemeentelijk werk. Advies, onderdelen en service uit Geldermalsen.",https://www.wimvanbreda.nl/merken/massey-ferguson/,Massey Ferguson machines | Wim van Breda,"Bekijk het Massey Ferguson-programma bij Wim van Breda: Tractoren voor landbouw, aannemerij en gemeentelijk werk. Advies, onderdelen en service uit Geldermalsen.",assets/images/merken/massey-ferguson/massey-ferguson-1.webp,"index,follow",(geen los schema; alleen Organization),assets/brands/massey-ferguson.png,,
/merken/mowhawk/,merk,mowhawk,MowHawk,MowHawk machines | Wim van Breda,"Bekijk het MowHawk-programma bij Wim van Breda: Op afstand bestuurbare maaimachines voor steile taluds. Advies, onderdelen en service uit Geldermalsen.",https://www.wimvanbreda.nl/merken/mowhawk/,MowHawk machines | Wim van Breda,"Bekijk het MowHawk-programma bij Wim van Breda: Op afstand bestuurbare maaimachines voor steile taluds. Advies, onderdelen en service uit Geldermalsen.",assets/brands/mowhawk.png,"index,follow",(geen los schema; alleen Organization),assets/brands/mowhawk.png,,
/merken/omarv/,merk,omarv,Omarv,Omarv machines | Wim van Breda,"Bekijk het Omarv-programma bij Wim van Breda: Klepelmaaiers voor terrein-, berm- en boomgaardonderhoud. Advies, onderdelen en service uit Geldermalsen.",https://www.wimvanbreda.nl/merken/omarv/,Omarv machines | Wim van Breda,"Bekijk het Omarv-programma bij Wim van Breda: Klepelmaaiers voor terrein-, berm- en boomgaardonderhoud. Advies, onderdelen en service uit Geldermalsen.",assets/images/merken/omarv/omarv-1.webp,"index,follow",(geen los schema; alleen Organization),assets/brands/omarv.png,,
/merken/raymo/,merk,raymo,Raymo,Raymo machines | Wim van Breda,"Bekijk het Raymo-programma bij Wim van Breda: Autonome en op afstand bestuurbare maairobot. Advies, onderdelen en service uit Geldermalsen.",https://www.wimvanbreda.nl/merken/raymo/,Raymo machines | Wim van Breda,"Bekijk het Raymo-programma bij Wim van Breda: Autonome en op afstand bestuurbare maairobot. Advies, onderdelen en service uit Geldermalsen.",assets/images/merken/raymo/raymo-hero-dsc00764.jpg,"index,follow",(geen los schema; alleen Organization),assets/brands/raymo.png,,
/merken/reform/,merk,reform,Reform,Reform machines | Wim van Breda,"Bekijk het Reform-programma bij Wim van Breda: Werktuigdragers en transporters voor hellend terrein. Advies, onderdelen en service uit Geldermalsen.",https://www.wimvanbreda.nl/merken/reform/,Reform machines | Wim van Breda,"Bekijk het Reform-programma bij Wim van Breda: Werktuigdragers en transporters voor hellend terrein. Advies, onderdelen en service uit Geldermalsen.",assets/images/merken/reform/reform-1.webp,"index,follow",(geen los schema; alleen Organization),assets/brands/reform.png,,
/merken/stihl/,merk,stihl,Stihl,Stihl machines | Wim van Breda,"Bekijk het Stihl-programma bij Wim van Breda: Handgereedschap: kettingzagen, bosmaaiers en accutechniek. Advies, onderdelen en service uit Geldermalsen.",https://www.wimvanbreda.nl/merken/stihl/,Stihl machines | Wim van Breda,"Bekijk het Stihl-programma bij Wim van Breda: Handgereedschap: kettingzagen, bosmaaiers en accutechniek. Advies, onderdelen en service uit Geldermalsen.",assets/brands/stihl.png,"index,follow",(geen los schema; alleen Organization),assets/brands/stihl.png,,
/merken/vicon/,merk,vicon,Vicon,Vicon machines | Wim van Breda,"Bekijk het Vicon-programma bij Wim van Breda: Maai-, hooi- en bemestingstechniek voor de groene sector. Advies, onderdelen en service uit Geldermalsen.",https://www.wimvanbreda.nl/merken/vicon/,Vicon machines | Wim van Breda,"Bekijk het Vicon-programma bij Wim van Breda: Maai-, hooi- en bemestingstechniek voor de groene sector. Advies, onderdelen en service uit Geldermalsen.",assets/brands/vicon.png,"index,follow",(geen los schema; alleen Organization),assets/brands/vicon.png,,
/merken/votex/,merk,votex,Votex,Votex machines | Wim van Breda,"Bekijk het Votex-programma bij Wim van Breda: Klepelmaaiers en bermmaaiers voor gemeenten en loonbedrijven. Advies, onderdelen en service uit Geldermalsen.",https://www.wimvanbreda.nl/merken/votex/,Votex machines | Wim van Breda,"Bekijk het Votex-programma bij Wim van Breda: Klepelmaaiers en bermmaaiers voor gemeenten en loonbedrijven. Advies, onderdelen en service uit Geldermalsen.",assets/brands/votex.png,"index,follow",(geen los schema; alleen Organization),assets/brands/votex.png,,
/machine/omarv-venezia-l-professionele-maai-laad-combinatie/,machine,omarv-venezia-l-professionele-maai-laad-combinatie,Omarv Venezia L professionele maai-laad combinatie,Omarv Venezia L professionele maai-laad combinatie,"De Venezia L is een professionele maai-laad combinatie met opvangbak van 10 m³, geschikt voor tractoren van 90 tot 120 pk.",https://www.wimvanbreda.nl/machine/omarv-venezia-l-professionele-maai-laad-combinatie/,Omarv Venezia L professionele maai-laad combinatie,"De Venezia L is een professionele maai-laad combinatie met opvangbak van 10 m³, geschikt voor tractoren van 90 tot 120 pk.",,"index,follow","Product,BreadcrumbList",,,geen foto beschikbaar
/machine/greentec-tiger-725-cirkelmaaier/,machine,greentec-tiger-725-cirkelmaaier,GreenTec Tiger 725 cirkelmaaier,GreenTec Tiger 725 cirkelmaaier | Wim van Breda,"Maai tot wel 9 hectare per uur met een werkbreedte van 7,25 meter — de Tiger 725 cirkelmaaier is ontwikkeld voor het snel en efficiënt maaien van grote oppervlakken. Bekijk specificaties en toepassingen bij Wim van Breda in Geldermalsen.",https://www.wimvanbreda.nl/machine/greentec-tiger-725-cirkelmaaier/,GreenTec Tiger 725 cirkelmaaier | Wim van Breda,"Maai tot wel 9 hectare per uur met een werkbreedte van 7,25 meter — de Tiger 725 cirkelmaaier is ontwikkeld voor het snel en efficiënt maaien van grote oppervlakken. Bekijk specificaties en toepassingen bij Wim van Breda in Geldermalsen.",assets/machines/greentec-tiger-725-cirkelmaaier/greentec-tiger-725-cirkelmaaier-1.jpg,"index,follow","Product,BreadcrumbList",assets/machines/greentec-tiger-725-cirkelmaaier/greentec-tiger-725-cirkelmaaier-1.jpg,,
/machine/greentec-tiger-510-cirkelmaaier/,machine,greentec-tiger-510-cirkelmaaier,GreenTec Tiger 510 cirkelmaaier,GreenTec Tiger 510 cirkelmaaier | Wim van Breda,"De GreenTec Tiger 510 is een krachtige rotormaaier voor het efficiënt maaien en mulchen van grote oppervlakken, met een werkbreedte van 5,10 meter.",https://www.wimvanbreda.nl/machine/greentec-tiger-510-cirkelmaaier/,GreenTec Tiger 510 cirkelmaaier | Wim van Breda,"De GreenTec Tiger 510 is een krachtige rotormaaier voor het efficiënt maaien en mulchen van grote oppervlakken, met een werkbreedte van 5,10 meter.",assets/machines/greentec-tiger-510-cirkelmaaier/greentec-tiger-510-cirkelmaaier-1.jpg,"index,follow","Product,BreadcrumbList",assets/machines/greentec-tiger-510-cirkelmaaier/greentec-tiger-510-cirkelmaaier-1.jpg,,
/machine/kersten-htg-4000-gietarm/,machine,kersten-htg-4000-gietarm,Kersten HTG 4000 Gietarm,Kersten HTG 4000 Gietarm | Wim van Breda,"Professionele gietarm voor efficiënt en nauwkeurig water geven, met een werkbreedte van 400 tot 500 cm. Bekijk specificaties en toepassingen bij Wim van Breda in Geldermalsen.",https://www.wimvanbreda.nl/machine/kersten-htg-4000-gietarm/,Kersten HTG 4000 Gietarm | Wim van Breda,"Professionele gietarm voor efficiënt en nauwkeurig water geven, met een werkbreedte van 400 tot 500 cm. Bekijk specificaties en toepassingen bij Wim van Breda in Geldermalsen.",assets/machines/kersten-htg-4000-gietarm/kersten-htg-4000-gietarm-1.jpg,"index,follow","Product,BreadcrumbList",assets/machines/kersten-htg-4000-gietarm/kersten-htg-4000-gietarm-1.jpg,,
/machine/kersten-fs-3000-gietarm/,machine,kersten-fs-3000-gietarm,Kersten FS 3000 Gietarm,Kersten FS 3000 Gietarm | Wim van Breda,"Compacte gietarm voor efficiënt en nauwkeurig water geven, met een werkbreedte van 300 cm. Bekijk specificaties en toepassingen bij Wim van Breda in Geldermalsen.",https://www.wimvanbreda.nl/machine/kersten-fs-3000-gietarm/,Kersten FS 3000 Gietarm | Wim van Breda,"Compacte gietarm voor efficiënt en nauwkeurig water geven, met een werkbreedte van 300 cm. Bekijk specificaties en toepassingen bij Wim van Breda in Geldermalsen.",assets/machines/kersten-fs-3000-gietarm/kersten-fs-3000-gietarm-1.jpg,"index,follow","Product,BreadcrumbList",assets/machines/kersten-fs-3000-gietarm/kersten-fs-3000-gietarm-1.jpg,,
/machine/greentec-rx-133-ruwterreinmaaier/,machine,greentec-rx-133-ruwterreinmaaier,GreenTec RX 133 ruwterreinmaaier,GreenTec RX 133 ruwterreinmaaier | Wim van Breda,"De GreenTec RX 133 is een uiterst robuuste hydraulische bosmaaier, speciaal ontwikkeld voor inzet onder extreme omstandigheden.",https://www.wimvanbreda.nl/machine/greentec-rx-133-ruwterreinmaaier/,GreenTec RX 133 ruwterreinmaaier | Wim van Breda,"De GreenTec RX 133 is een uiterst robuuste hydraulische bosmaaier, speciaal ontwikkeld voor inzet onder extreme omstandigheden.",assets/machines/greentec-rx-133-ruwterreinmaaier/greentec-rx-133-ruwterreinmaaier-1.jpg,"index,follow","Product,BreadcrumbList",assets/machines/greentec-rx-133-ruwterreinmaaier/greentec-rx-133-ruwterreinmaaier-1.jpg,,
/machine/greentec-twinsaw-lrs-cirkelzaag/,machine,greentec-twinsaw-lrs-cirkelzaag,GreenTec Twinsaw LRS cirkelzaag,GreenTec Twinsaw LRS cirkelzaag | Wim van Breda,"Krachtige en efficiënte cirkelzaag voor professioneel snoeiwerk langs wegen, akkers, bosranden en windsingels, verkrijgbaar in drie modellen.",https://www.wimvanbreda.nl/machine/greentec-twinsaw-lrs-cirkelzaag/,GreenTec Twinsaw LRS cirkelzaag | Wim van Breda,"Krachtige en efficiënte cirkelzaag voor professioneel snoeiwerk langs wegen, akkers, bosranden en windsingels, verkrijgbaar in drie modellen.",assets/machines/greentec-twinsaw-lrs-cirkelzaag/greentec-twinsaw-lrs-cirkelzaag-1.jpg,"index,follow","Product,BreadcrumbList",assets/machines/greentec-twinsaw-lrs-cirkelzaag/greentec-twinsaw-lrs-cirkelzaag-1.jpg,,
/machine/kersten-planierhobel-egaliseermachine/,machine,kersten-planierhobel-egaliseermachine,Kersten Planierhobel Egaliseermachine,Kersten Planierhobel Egaliseermachine | Wim van Breda,"Professionele egaliseermachine voor halfverharde paden, wegen en terreinen — egaliseert, profileert en verdicht de toplaag in één werkgang.",https://www.wimvanbreda.nl/machine/kersten-planierhobel-egaliseermachine/,Kersten Planierhobel Egaliseermachine | Wim van Breda,"Professionele egaliseermachine voor halfverharde paden, wegen en terreinen — egaliseert, profileert en verdicht de toplaag in één werkgang.",assets/machines/kersten-planierhobel-egaliseermachine/kersten-planierhobel-egaliseermachine-1.jpg,"index,follow","Product,BreadcrumbList",assets/machines/kersten-planierhobel-egaliseermachine/kersten-planierhobel-egaliseermachine-1.jpg,,
/machine/bb-umwelttechnik-messenbalk-zijmaaier/,machine,bb-umwelttechnik-messenbalk-zijmaaier,BB-Umwelttechnik Messenbalk zijmaaier,BB-Umwelttechnik Messenbalk zijmaaier | Wim van Breda,"Robuuste en veelzijdige zijmaaier met Bidux snij-unit, standaard uitgerust met slijtvaste Hardox-glijders.",https://www.wimvanbreda.nl/machine/bb-umwelttechnik-messenbalk-zijmaaier/,BB-Umwelttechnik Messenbalk zijmaaier | Wim van Breda,"Robuuste en veelzijdige zijmaaier met Bidux snij-unit, standaard uitgerust met slijtvaste Hardox-glijders.",assets/machines/bb-umwelttechnik-messenbalk-zijmaaier/bb-umwelttechnik-messenbalk-zijmaaier-1.jpg,"index,follow","Product,BreadcrumbList",assets/machines/bb-umwelttechnik-messenbalk-zijmaaier/bb-umwelttechnik-messenbalk-zijmaaier-1.jpg,,
/machine/bb-umwelttechnik-standaard-messenbalk/,machine,bb-umwelttechnik-standaard-messenbalk,BB-Umwelttechnik Standaard messenbalk,BB-Umwelttechnik Standaard messenbalk | Wim van Breda,Robuuste en veelzijdige zijmaaier met Bidux snij-unit en de mogelijkheid tot uitbreiding naar een vlindermaaier.,https://www.wimvanbreda.nl/machine/bb-umwelttechnik-standaard-messenbalk/,BB-Umwelttechnik Standaard messenbalk | Wim van Breda,Robuuste en veelzijdige zijmaaier met Bidux snij-unit en de mogelijkheid tot uitbreiding naar een vlindermaaier.,assets/machines/bb-umwelttechnik-standaard-messenbalk/bb-umwelttechnik-standaard-messenbalk-1.jpg,"index,follow","Product,BreadcrumbList",assets/machines/bb-umwelttechnik-standaard-messenbalk/bb-umwelttechnik-standaard-messenbalk-1.jpg,,
/machine/bb-umwelttechnik-messenbalk-eco/,machine,bb-umwelttechnik-messenbalk-eco,BB-Umwelttechnik Messenbalk ECO,BB-Umwelttechnik Messenbalk ECO | Wim van Breda,"Compacte en robuuste messenbalk voor professioneel maaien, lichter van constructie dan de standaard achtermaaier.",https://www.wimvanbreda.nl/machine/bb-umwelttechnik-messenbalk-eco/,BB-Umwelttechnik Messenbalk ECO | Wim van Breda,"Compacte en robuuste messenbalk voor professioneel maaien, lichter van constructie dan de standaard achtermaaier.",assets/machines/bb-umwelttechnik-messenbalk-eco/bb-umwelttechnik-messenbalk-eco-1.jpg,"index,follow","Product,BreadcrumbList",assets/machines/bb-umwelttechnik-messenbalk-eco/bb-umwelttechnik-messenbalk-eco-1.jpg,,
/machine/bb-umwelttechnik-eco-messenbalk/,machine,bb-umwelttechnik-eco-messenbalk,BB-Umwelttechnik ECO messenbalk,BB-Umwelttechnik ECO messenbalk | Wim van Breda,BB-Umwelttechnik ECO messenbalk — messenbalken / maaibalken. Bekijk specificaties en toepassingen bij Wim van Breda in Geldermalsen.,https://www.wimvanbreda.nl/machine/bb-umwelttechnik-eco-messenbalk/,BB-Umwelttechnik ECO messenbalk | Wim van Breda,BB-Umwelttechnik ECO messenbalk — messenbalken / maaibalken. Bekijk specificaties en toepassingen bij Wim van Breda in Geldermalsen.,assets/machines/bb-umwelttechnik-eco-messenbalk/bb-umwelttechnik-eco-messenbalk-1.jpg,"index,follow","Product,BreadcrumbList",assets/machines/bb-umwelttechnik-eco-messenbalk/bb-umwelttechnik-eco-messenbalk-1.jpg,,
/machine/bb-umwelttechnik-front-messenbalk/,machine,bb-umwelttechnik-front-messenbalk,BB-Umwelttechnik Front messenbalk,BB-Umwelttechnik Front messenbalk | Wim van Breda,"Krachtige en veelzijdige frontmaaier met dubbelbladige messenbalk, met eigen maaibalklift en tractoronafhankelijke bodemvolging.",https://www.wimvanbreda.nl/machine/bb-umwelttechnik-front-messenbalk/,BB-Umwelttechnik Front messenbalk | Wim van Breda,"Krachtige en veelzijdige frontmaaier met dubbelbladige messenbalk, met eigen maaibalklift en tractoronafhankelijke bodemvolging.",assets/machines/bb-umwelttechnik-front-messenbalk/bb-umwelttechnik-front-messenbalk-1.jpg,"index,follow","Product,BreadcrumbList",assets/machines/bb-umwelttechnik-front-messenbalk/bb-umwelttechnik-front-messenbalk-1.jpg,,
/machine/bb-umwelttechnik-frontmaaier-eco/,machine,bb-umwelttechnik-frontmaaier-eco,BB-Umwelttechnik Frontmaaier ECO,BB-Umwelttechnik Frontmaaier ECO | Wim van Breda,"Compacte frontmaaier voor nauwkeurig en natuurvriendelijk maaien, licht van gewicht maar robuust gebouwd.",https://www.wimvanbreda.nl/machine/bb-umwelttechnik-frontmaaier-eco/,BB-Umwelttechnik Frontmaaier ECO | Wim van Breda,"Compacte frontmaaier voor nauwkeurig en natuurvriendelijk maaien, licht van gewicht maar robuust gebouwd.",assets/machines/bb-umwelttechnik-frontmaaier-eco/bb-umwelttechnik-frontmaaier-eco-1.jpg,"index,follow","Product,BreadcrumbList",assets/machines/bb-umwelttechnik-frontmaaier-eco/bb-umwelttechnik-frontmaaier-eco-1.jpg,,
/machine/messenslijpapparaten-voor-dubbelmesmaaibalk/,machine,messenslijpapparaten-voor-dubbelmesmaaibalk,Messenslijpapparaten voor dubbelmesmaaibalk,Messenslijpapparaten voor dubbelmesmaaibalk | Wim van Breda,"Professionele messenslijpapparaten voor dubbelmesmaaibalken: de Handgrinder, Cubegrinder en Grindmaster, van handmatig tot volautomatisch slijpen.",https://www.wimvanbreda.nl/machine/messenslijpapparaten-voor-dubbelmesmaaibalk/,Messenslijpapparaten voor dubbelmesmaaibalk | Wim van Breda,"Professionele messenslijpapparaten voor dubbelmesmaaibalken: de Handgrinder, Cubegrinder en Grindmaster, van handmatig tot volautomatisch slijpen.",,"index,follow","Product,BreadcrumbList",,,geen foto beschikbaar
/machine/bb-umwelttechnik-pico-messenbalk/,machine,bb-umwelttechnik-pico-messenbalk,BB-Umwelttechnik PICO messenbalk,BB-Umwelttechnik PICO messenbalk | Wim van Breda,"Compacte, lichtgewicht dubbelbladige maaier voor kleinere voertuigen, natuurvriendelijk maaien en moeilijk bereikbare locaties.",https://www.wimvanbreda.nl/machine/bb-umwelttechnik-pico-messenbalk/,BB-Umwelttechnik PICO messenbalk | Wim van Breda,"Compacte, lichtgewicht dubbelbladige maaier voor kleinere voertuigen, natuurvriendelijk maaien en moeilijk bereikbare locaties.",assets/machines/bb-umwelttechnik-pico-messenbalk/bb-umwelttechnik-pico-messenbalk-1.jpg,"index,follow","Product,BreadcrumbList",assets/machines/bb-umwelttechnik-pico-messenbalk/bb-umwelttechnik-pico-messenbalk-1.jpg,,
/machine/bb-umwelttechnik-achtervlinder-messenbalk/,machine,bb-umwelttechnik-achtervlinder-messenbalk,BB-Umwelttechnik Achtervlinder messenbalk,BB-Umwelttechnik Achtervlinder messenbalk | Wim van Breda,"Vlindermaaier met onafhankelijk bewegende maaidekken voor maximale capaciteit en optimale bodemaansluiting, werkbreedte 7 tot 9 meter.",https://www.wimvanbreda.nl/machine/bb-umwelttechnik-achtervlinder-messenbalk/,BB-Umwelttechnik Achtervlinder messenbalk | Wim van Breda,"Vlindermaaier met onafhankelijk bewegende maaidekken voor maximale capaciteit en optimale bodemaansluiting, werkbreedte 7 tot 9 meter.",assets/machines/bb-umwelttechnik-achtervlinder-messenbalk/bb-umwelttechnik-achtervlinder-messenbalk-1.jpg,"index,follow","Product,BreadcrumbList",assets/machines/bb-umwelttechnik-achtervlinder-messenbalk/bb-umwelttechnik-achtervlinder-messenbalk-1.jpg,,
/machine/bb-umwelttechnik-frontvlinder-messenbalk/,machine,bb-umwelttechnik-frontvlinder-messenbalk,BB-Umwelttechnik Frontvlinder messenbalk,BB-Umwelttechnik Frontvlinder messenbalk | Wim van Breda,"Frontvlindermaaier met onafhankelijk bewegende messenbalken voor maximale bodemvolging, werkbreedte 6,5 tot 9,5 meter, vanaf 790 kg.",https://www.wimvanbreda.nl/machine/bb-umwelttechnik-frontvlinder-messenbalk/,BB-Umwelttechnik Frontvlinder messenbalk | Wim van Breda,"Frontvlindermaaier met onafhankelijk bewegende messenbalken voor maximale bodemvolging, werkbreedte 6,5 tot 9,5 meter, vanaf 790 kg.",assets/machines/bb-umwelttechnik-frontvlinder-messenbalk/bb-umwelttechnik-frontvlinder-messenbalk-1.jpg,"index,follow","Product,BreadcrumbList",assets/machines/bb-umwelttechnik-frontvlinder-messenbalk/bb-umwelttechnik-frontvlinder-messenbalk-1.jpg,,
/machine/massey-ferguson-e-1700/,machine,massey-ferguson-e-1700,Massey Ferguson E-1700,Massey Ferguson E-1700 | Wim van Breda,"Elektrische compacttractor voor professioneel, stil en emissievrij werken, ontwikkeld in samenwerking met Knegt International en Mechan.",https://www.wimvanbreda.nl/machine/massey-ferguson-e-1700/,Massey Ferguson E-1700 | Wim van Breda,"Elektrische compacttractor voor professioneel, stil en emissievrij werken, ontwikkeld in samenwerking met Knegt International en Mechan.",assets/machines/massey-ferguson-e-1700/massey-ferguson-e-1700-1.jpg,"index,follow","Product,BreadcrumbList",assets/machines/massey-ferguson-e-1700/massey-ferguson-e-1700-1.jpg,,
/machine/agco-finance/,machine,agco-finance,Massey Ferguson Finance,Massey Ferguson Finance | Wim van Breda,AGCO Finance biedt financieringsoplossingen op maat voor de aanschaf van Massey Ferguson en andere AGCO-machines.,https://www.wimvanbreda.nl/machine/agco-finance/,Massey Ferguson Finance | Wim van Breda,AGCO Finance biedt financieringsoplossingen op maat voor de aanschaf van Massey Ferguson en andere AGCO-machines.,,"index,follow","Product,BreadcrumbList",,,geen foto beschikbaar
/machine/massey-ferguson-5m/,machine,massey-ferguson-5m,Massey Ferguson 5M,Massey Ferguson 5M | Wim van Breda,"Compacte en veelzijdige tractor voor landbouw en gemeentewerkzaamheden, met vermogens van 95 tot 145 pk.",https://www.wimvanbreda.nl/machine/massey-ferguson-5m/,Massey Ferguson 5M | Wim van Breda,"Compacte en veelzijdige tractor voor landbouw en gemeentewerkzaamheden, met vermogens van 95 tot 145 pk.",assets/machines/massey-ferguson-5m/massey-ferguson-5m-1.jpg,"index,follow","Product,BreadcrumbList",assets/machines/massey-ferguson-5m/massey-ferguson-5m-1.jpg,,
/machine/massey-ferguson-9s/,machine,massey-ferguson-9s,Massey Ferguson 9S,Massey Ferguson 9S | Wim van Breda,"Krachtige tractor voor maximale prestaties, met vermogens van 285 tot 425 pk en het unieke Protect-U design.",https://www.wimvanbreda.nl/machine/massey-ferguson-9s/,Massey Ferguson 9S | Wim van Breda,"Krachtige tractor voor maximale prestaties, met vermogens van 285 tot 425 pk en het unieke Protect-U design.",assets/machines/massey-ferguson-9s/massey-ferguson-9s-1.png,"index,follow","Product,BreadcrumbList",assets/machines/massey-ferguson-9s/massey-ferguson-9s-1.png,,
/machine/reform-metrac-h70r/,machine,reform-metrac-h70r,Reform Metrac H70R,Reform Metrac H70R | Wim van Breda,Krachtige werktuigdrager met 14% meer trekkracht en 12% hogere snelheid dan de standaard Metrac H70. Bekijk specificaties en toepassingen bij Wim van Breda in Geldermalsen.,https://www.wimvanbreda.nl/machine/reform-metrac-h70r/,Reform Metrac H70R | Wim van Breda,Krachtige werktuigdrager met 14% meer trekkracht en 12% hogere snelheid dan de standaard Metrac H70. Bekijk specificaties en toepassingen bij Wim van Breda in Geldermalsen.,assets/machines/reform-metrac-h70r/reform-metrac-h70r-1.png,"index,follow","Product,BreadcrumbList",assets/machines/reform-metrac-h70r/reform-metrac-h70r-1.png,,
/machine/raylink-telemetriesysteem-slim-fleetmanagement-voor-raymo-maaiers/,machine,raylink-telemetriesysteem-slim-fleetmanagement-voor-raymo-maaiers,Raymo Telemetriesysteem | Slim Fleetmanagement voor Raymo Maaiers,Raymo Telemetriesysteem | Slim Fleetmanagement voor Raymo Maaiers,"Slim telemetrie- en fleetmanagementsysteem van Raymo, geïntegreerd in de Raymo TORPEDO, met 24/7 inzicht in locatie, prestaties en conditie van uw machines.",https://www.wimvanbreda.nl/machine/raylink-telemetriesysteem-slim-fleetmanagement-voor-raymo-maaiers/,Raymo Telemetriesysteem | Slim Fleetmanagement voor Raymo Maaiers,"Slim telemetrie- en fleetmanagementsysteem van Raymo, geïntegreerd in de Raymo TORPEDO, met 24/7 inzicht in locatie, prestaties en conditie van uw machines.",,"index,follow","Product,BreadcrumbList",,,geen foto beschikbaar
/machine/raymo-torpedo-robot-werktuigdrager/,machine,raymo-torpedo-robot-werktuigdrager,Raymo Torpedo Robot werktuigdrager,Raymo Torpedo Robot werktuigdrager | Wim van Breda,Raymo Torpedo Robot werktuigdrager — werktuigdragers. Bekijk specificaties en toepassingen bij Wim van Breda in Geldermalsen.,https://www.wimvanbreda.nl/machine/raymo-torpedo-robot-werktuigdrager/,Raymo Torpedo Robot werktuigdrager | Wim van Breda,Raymo Torpedo Robot werktuigdrager — werktuigdragers. Bekijk specificaties en toepassingen bij Wim van Breda in Geldermalsen.,,"index,follow","Product,BreadcrumbList",,,geen foto beschikbaar
/machine/raymo-torpedo-werktuigdrager/,machine,raymo-torpedo-werktuigdrager,Raymo Torpedo werktuigdrager,Raymo Torpedo werktuigdrager | Wim van Breda,"Volledig elektrische, radiografisch bestuurbare werktuigdrager voor stil en emissievrij groen- en terreinonderhoud.",https://www.wimvanbreda.nl/machine/raymo-torpedo-werktuigdrager/,Raymo Torpedo werktuigdrager | Wim van Breda,"Volledig elektrische, radiografisch bestuurbare werktuigdrager voor stil en emissievrij groen- en terreinonderhoud.",assets/machines/raymo-torpedo-werktuigdrager/raymo-torpedo-werktuigdrager-1.jpg,"index,follow","Product,BreadcrumbList",assets/machines/raymo-torpedo-werktuigdrager/raymo-torpedo-werktuigdrager-1.jpg,,
/machine/raymo-r14-sfinx-obstakelmaaier/,machine,raymo-r14-sfinx-obstakelmaaier,Raymo R14 SFINX obstakelmaaier,Raymo R14 SFINX obstakelmaaier | Wim van Breda,"Innovatieve obstakelmaaier voor nauwkeurig maaien rondom bomen, palen, vangrails en zonnepanelen, in combinatie met de Raymo Torpedo.",https://www.wimvanbreda.nl/machine/raymo-r14-sfinx-obstakelmaaier/,Raymo R14 SFINX obstakelmaaier | Wim van Breda,"Innovatieve obstakelmaaier voor nauwkeurig maaien rondom bomen, palen, vangrails en zonnepanelen, in combinatie met de Raymo Torpedo.",assets/machines/raymo-r14-sfinx-obstakelmaaier/raymo-r14-sfinx-obstakelmaaier-1.jpg,"index,follow","Product,BreadcrumbList",assets/machines/raymo-r14-sfinx-obstakelmaaier/raymo-r14-sfinx-obstakelmaaier-1.jpg,,
/machine/vicon-extra-300-serie-frontmaaiers/,machine,vicon-extra-300-serie-frontmaaiers,Vicon Extra 300 Serie frontmaaiers,Vicon Extra 300 Serie frontmaaiers | Wim van Breda,"Professionele frontmaaier met de bewezen Vicon EXTRA maaibalk, voor hoge maaikwaliteit en uitstekende bodemvolging.",https://www.wimvanbreda.nl/machine/vicon-extra-300-serie-frontmaaiers/,Vicon Extra 300 Serie frontmaaiers | Wim van Breda,"Professionele frontmaaier met de bewezen Vicon EXTRA maaibalk, voor hoge maaikwaliteit en uitstekende bodemvolging.",,"index,follow","Product,BreadcrumbList",,,geen foto beschikbaar
/machine/vicon-extra-100-serie-achtermaaiers/,machine,vicon-extra-100-serie-achtermaaiers,Vicon Extra 100-Serie achtermaaiers,Vicon Extra 100-Serie achtermaaiers | Wim van Breda,"Professionele achtermaaier met de bewezen Vicon EXTRA maaibalk, verkrijgbaar in drie werkbreedtes: 117, 122 en 124.",https://www.wimvanbreda.nl/machine/vicon-extra-100-serie-achtermaaiers/,Vicon Extra 100-Serie achtermaaiers | Wim van Breda,"Professionele achtermaaier met de bewezen Vicon EXTRA maaibalk, verkrijgbaar in drie werkbreedtes: 117, 122 en 124.",assets/machines/vicon-extra-100-serie-achtermaaiers/vicon-extra-100-serie-achtermaaiers-1.jpg,"index,follow","Product,BreadcrumbList",assets/machines/vicon-extra-100-serie-achtermaaiers/vicon-extra-100-serie-achtermaaiers-1.jpg,,
/machine/raymo-s46floris-messenbalk/,machine,raymo-s46floris-messenbalk,Raymo S46FLORIS messenbalk,Raymo S46FLORIS messenbalk | Wim van Breda,Elektrische messenbalk voor natuurvriendelijk en ecologisch maaibeheer van wilde bloemenweiden en natuurgebieden.,https://www.wimvanbreda.nl/machine/raymo-s46floris-messenbalk/,Raymo S46FLORIS messenbalk | Wim van Breda,Elektrische messenbalk voor natuurvriendelijk en ecologisch maaibeheer van wilde bloemenweiden en natuurgebieden.,assets/machines/raymo-s46floris-messenbalk/raymo-s46floris-messenbalk-1.jpg,"index,follow","Product,BreadcrumbList",assets/machines/raymo-s46floris-messenbalk/raymo-s46floris-messenbalk-1.jpg,,
/machine/greentec-scorpion-830-plus-maaiarm/,machine,greentec-scorpion-830-plus-maaiarm,GreenTec Scorpion 830 Plus maaiarm,GreenTec Scorpion 830 Plus maaiarm | Wim van Breda,"Krachtige professionele maaiarm met 8,3 meter horizontaal bereik, voor intensief berm-, heg- en slootonderhoud.",https://www.wimvanbreda.nl/machine/greentec-scorpion-830-plus-maaiarm/,GreenTec Scorpion 830 Plus maaiarm | Wim van Breda,"Krachtige professionele maaiarm met 8,3 meter horizontaal bereik, voor intensief berm-, heg- en slootonderhoud.",assets/machines/greentec-scorpion-830-plus-maaiarm/greentec-scorpion-830-plus-maaiarm-1.jpg,"index,follow","Product,BreadcrumbList",assets/machines/greentec-scorpion-830-plus-maaiarm/greentec-scorpion-830-plus-maaiarm-1.jpg,,
/machine/raymo-r42flex-maaidek/,machine,raymo-r42flex-maaidek,Raymo R42FLEX maaidek,Raymo R42FLEX maaidek | Wim van Breda,"Flexibel multifunctioneel maaidek voor de Raymo Torpedo, met keuze tussen mulchen en achteruitworp en een non-scalping ontwerp.",https://www.wimvanbreda.nl/machine/raymo-r42flex-maaidek/,Raymo R42FLEX maaidek | Wim van Breda,"Flexibel multifunctioneel maaidek voor de Raymo Torpedo, met keuze tussen mulchen en achteruitworp en een non-scalping ontwerp.",assets/machines/raymo-r42flex-maaidek/raymo-r42flex-maaidek-1.jpg,"index,follow","Product,BreadcrumbList",assets/machines/raymo-r42flex-maaidek/raymo-r42flex-maaidek-1.jpg,,
/machine/raymo-r52turf-maaidek/,machine,raymo-r52turf-maaidek,Raymo R52Turf maaidek,Raymo R52Turf maaidek | Wim van Breda,"Breed professioneel maaidek van 132 cm voor de Raymo Torpedo, ontwikkeld voor maximale capaciteit op grote grasoppervlakken.",https://www.wimvanbreda.nl/machine/raymo-r52turf-maaidek/,Raymo R52Turf maaidek | Wim van Breda,"Breed professioneel maaidek van 132 cm voor de Raymo Torpedo, ontwikkeld voor maximale capaciteit op grote grasoppervlakken.",assets/machines/raymo-r52turf-maaidek/raymo-r52turf-maaidek-1.jpg,"index,follow","Product,BreadcrumbList",assets/machines/raymo-r52turf-maaidek/raymo-r52turf-maaidek-1.jpg,,
/machine/greentec-scorpion-830-s-maaiarm/,machine,greentec-scorpion-830-s-maaiarm,GreenTec Scorpion 830 S maaiarm,GreenTec Scorpion 830 S maaiarm | Wim van Breda,"Professionele maaiarm met 8,3 meter horizontaal bereik voor grootschalig groenbeheer, ontwikkeld voor grote tractoren vanaf 8000 kg.",https://www.wimvanbreda.nl/machine/greentec-scorpion-830-s-maaiarm/,GreenTec Scorpion 830 S maaiarm | Wim van Breda,"Professionele maaiarm met 8,3 meter horizontaal bereik voor grootschalig groenbeheer, ontwikkeld voor grote tractoren vanaf 8000 kg.",assets/machines/greentec-scorpion-830-s-maaiarm/greentec-scorpion-830-s-maaiarm-1.jpg,"index,follow","Product,BreadcrumbList",assets/machines/greentec-scorpion-830-s-maaiarm/greentec-scorpion-830-s-maaiarm-1.jpg,,
/machine/greentec-scorpion-730-plus-maaiarm/,machine,greentec-scorpion-730-plus-maaiarm,GreenTec Scorpion 730 Plus maaiarm,GreenTec Scorpion 730 Plus maaiarm | Wim van Breda,"Krachtigste maaiarm binnen de Scorpion Plus-serie, met 7,3 meter horizontaal bereik, voor grote tractoren vanaf 7.000 kg.",https://www.wimvanbreda.nl/machine/greentec-scorpion-730-plus-maaiarm/,GreenTec Scorpion 730 Plus maaiarm | Wim van Breda,"Krachtigste maaiarm binnen de Scorpion Plus-serie, met 7,3 meter horizontaal bereik, voor grote tractoren vanaf 7.000 kg.",assets/machines/greentec-scorpion-730-plus-maaiarm/greentec-scorpion-730-plus-maaiarm-1.jpg,"index,follow","Product,BreadcrumbList",assets/machines/greentec-scorpion-730-plus-maaiarm/greentec-scorpion-730-plus-maaiarm-1.jpg,,
/machine/greentec-scorpion-730-s-maaiarm/,machine,greentec-scorpion-730-s-maaiarm,GreenTec Scorpion 730 S maaiarm,GreenTec Scorpion 730 S maaiarm | Wim van Breda,"Professionele maaiarm geschikt voor gebieden met beperkte ruimte, zoals bermen in woonwijken en fietspaden, voor tractoren vanaf 7.000 kg.",https://www.wimvanbreda.nl/machine/greentec-scorpion-730-s-maaiarm/,GreenTec Scorpion 730 S maaiarm | Wim van Breda,"Professionele maaiarm geschikt voor gebieden met beperkte ruimte, zoals bermen in woonwijken en fietspaden, voor tractoren vanaf 7.000 kg.",assets/machines/greentec-scorpion-730-s-maaiarm/greentec-scorpion-730-s-maaiarm-1.jpg,"index,follow","Product,BreadcrumbList",assets/machines/greentec-scorpion-730-s-maaiarm/greentec-scorpion-730-s-maaiarm-1.jpg,,
/machine/greentec-scorpion-630-plus-maaiarm/,machine,greentec-scorpion-630-plus-maaiarm,GreenTec Scorpion 630 Plus maaiarm,GreenTec Scorpion 630 Plus maaiarm | Wim van Breda,"Professionele maaiarm met 6,3 meter horizontaal bereik voor efficiënt onderhoud van bermen, fietspaden, heggen en groenstroken.",https://www.wimvanbreda.nl/machine/greentec-scorpion-630-plus-maaiarm/,GreenTec Scorpion 630 Plus maaiarm | Wim van Breda,"Professionele maaiarm met 6,3 meter horizontaal bereik voor efficiënt onderhoud van bermen, fietspaden, heggen en groenstroken.",assets/machines/greentec-scorpion-630-plus-maaiarm/greentec-scorpion-630-plus-maaiarm-1.jpg,"index,follow","Product,BreadcrumbList",assets/machines/greentec-scorpion-630-plus-maaiarm/greentec-scorpion-630-plus-maaiarm-1.jpg,,
/machine/greentec-scorpion-630-s-maaiarm/,machine,greentec-scorpion-630-s-maaiarm,GreenTec Scorpion 630 S maaiarm,GreenTec Scorpion 630 S maaiarm | Wim van Breda,"Krachtige en veelzijdige maaiarm voor bermonderhoud, heggen en groenstroken, voor middelgrote tractoren vanaf 5.000 kg.",https://www.wimvanbreda.nl/machine/greentec-scorpion-630-s-maaiarm/,GreenTec Scorpion 630 S maaiarm | Wim van Breda,"Krachtige en veelzijdige maaiarm voor bermonderhoud, heggen en groenstroken, voor middelgrote tractoren vanaf 5.000 kg.",assets/machines/greentec-scorpion-630-s-maaiarm/greentec-scorpion-630-s-maaiarm-1.jpg,"index,follow","Product,BreadcrumbList",assets/machines/greentec-scorpion-630-s-maaiarm/greentec-scorpion-630-s-maaiarm-1.jpg,,
/machine/greentec-scorpion-530-s-maaiarm/,machine,greentec-scorpion-530-s-maaiarm,GreenTec Scorpion 530 S maaiarm,GreenTec Scorpion 530 S maaiarm | Wim van Breda,"Compacte professionele maaiarm voor groenonderhoud op locaties met beperkte ruimte, voor tractoren vanaf 4.000 kg.",https://www.wimvanbreda.nl/machine/greentec-scorpion-530-s-maaiarm/,GreenTec Scorpion 530 S maaiarm | Wim van Breda,"Compacte professionele maaiarm voor groenonderhoud op locaties met beperkte ruimte, voor tractoren vanaf 4.000 kg.",assets/machines/greentec-scorpion-530-s-maaiarm/greentec-scorpion-530-s-maaiarm-1.jpg,"index,follow","Product,BreadcrumbList",assets/machines/greentec-scorpion-530-s-maaiarm/greentec-scorpion-530-s-maaiarm-1.jpg,,
/machine/greentec-scorpion-530-plus-maaiarm/,machine,greentec-scorpion-530-plus-maaiarm,GreenTec Scorpion 530 Plus maaiarm,GreenTec Scorpion 530 Plus maaiarm | Wim van Breda,"Professionele maaiarm voor bermonderhoud, heggen en bomen, voor middelgrote tractoren vanaf ca. 4.000 kg, met Rotorflex en Autoflex.",https://www.wimvanbreda.nl/machine/greentec-scorpion-530-plus-maaiarm/,GreenTec Scorpion 530 Plus maaiarm | Wim van Breda,"Professionele maaiarm voor bermonderhoud, heggen en bomen, voor middelgrote tractoren vanaf ca. 4.000 kg, met Rotorflex en Autoflex.",assets/machines/greentec-scorpion-530-plus-maaiarm/greentec-scorpion-530-plus-maaiarm-1.png,"index,follow","Product,BreadcrumbList",assets/machines/greentec-scorpion-530-plus-maaiarm/greentec-scorpion-530-plus-maaiarm-1.png,,
/machine/greentec-scorpion-330-s-maaiarm/,machine,greentec-scorpion-330-s-maaiarm,GreenTec Scorpion 330 S maaiarm,GreenTec Scorpion 330 S maaiarm | Wim van Breda,"Meest compacte maaiarm binnen de Scorpion-serie, voor compacte tractoren vanaf 1.500 kg en smalle werkgebieden.",https://www.wimvanbreda.nl/machine/greentec-scorpion-330-s-maaiarm/,GreenTec Scorpion 330 S maaiarm | Wim van Breda,"Meest compacte maaiarm binnen de Scorpion-serie, voor compacte tractoren vanaf 1.500 kg en smalle werkgebieden.",assets/machines/greentec-scorpion-330-s-maaiarm/greentec-scorpion-330-s-maaiarm-1.png,"index,follow","Product,BreadcrumbList",assets/machines/greentec-scorpion-330-s-maaiarm/greentec-scorpion-330-s-maaiarm-1.png,,
/machine/greentec-lg-bladblazer/,machine,greentec-lg-bladblazer,GreenTec LG bladblazer,GreenTec LG bladblazer | Wim van Breda,Hydraulische bladblazer die tijdens het maaien of snoeien grasresten en snoeiafval direct van de weg blaast.,https://www.wimvanbreda.nl/machine/greentec-lg-bladblazer/,GreenTec LG bladblazer | Wim van Breda,Hydraulische bladblazer die tijdens het maaien of snoeien grasresten en snoeiafval direct van de weg blaast.,assets/machines/greentec-lg-bladblazer/greentec-lg-bladblazer-1.jpg,"index,follow","Product,BreadcrumbList",assets/machines/greentec-lg-bladblazer/greentec-lg-bladblazer-1.jpg,,
/machine/reform-elektrische-motormaaier/,machine,reform-elektrische-motormaaier,Reform Elektrische motormaaier,Reform Elektrische motormaaier | Wim van Breda,"Reform eRM9: volledig elektrisch aangedreven eenassige werktuigdrager op 48V, stil en emissievrij. Bekijk specificaties en toepassingen bij Wim van Breda in Geldermalsen.",https://www.wimvanbreda.nl/machine/reform-elektrische-motormaaier/,Reform Elektrische motormaaier | Wim van Breda,"Reform eRM9: volledig elektrisch aangedreven eenassige werktuigdrager op 48V, stil en emissievrij. Bekijk specificaties en toepassingen bij Wim van Breda in Geldermalsen.",assets/machines/reform-elektrische-motormaaier/reform-elektrische-motormaaier-1.png,"index,follow","Product,BreadcrumbList",assets/machines/reform-elektrische-motormaaier/reform-elektrische-motormaaier-1.png,,
/machine/massey-ferguson-6700/,machine,massey-ferguson-6700,Massey Ferguson 6700,Massey Ferguson 6700 | Wim van Breda,"Wendbare 4-cilinder tractor (MF 6700 S) met de kracht van een 6-cilinder machine, vermogen 120 tot 130 pk.",https://www.wimvanbreda.nl/machine/massey-ferguson-6700/,Massey Ferguson 6700 | Wim van Breda,"Wendbare 4-cilinder tractor (MF 6700 S) met de kracht van een 6-cilinder machine, vermogen 120 tot 130 pk.",assets/machines/massey-ferguson-6700/massey-ferguson-6700-1.jpg,"index,follow","Product,BreadcrumbList",assets/machines/massey-ferguson-6700/massey-ferguson-6700-1.jpg,,
/machine/herder-fish-protector/,machine,herder-fish-protector,Herder Fish Protector,Herder Fish Protector | Wim van Breda,"Visvriendelijk afschriksysteem voor duurzaam slootonderhoud, met stroboscooplampen die vissen wegleiden van de maaikorf.",https://www.wimvanbreda.nl/machine/herder-fish-protector/,Herder Fish Protector | Wim van Breda,"Visvriendelijk afschriksysteem voor duurzaam slootonderhoud, met stroboscooplampen die vissen wegleiden van de maaikorf.",assets/machines/herder-fish-protector/herder-fish-protector-1.jpg,"index,follow","Product,BreadcrumbList",assets/machines/herder-fish-protector/herder-fish-protector-1.jpg,,
/machine/herder-maaikorf/,machine,herder-maaikorf,Herder Maaikorf,Herder Maaikorf | Wim van Breda,"Professionele maaikorf voor efficiënt slootonderhoud, geschikt voor maaien boven én onder water. Bekijk specificaties en toepassingen bij Wim van Breda in Geldermalsen.",https://www.wimvanbreda.nl/machine/herder-maaikorf/,Herder Maaikorf | Wim van Breda,"Professionele maaikorf voor efficiënt slootonderhoud, geschikt voor maaien boven én onder water. Bekijk specificaties en toepassingen bij Wim van Breda in Geldermalsen.",assets/machines/herder-maaikorf/herder-maaikorf-1.jpg,"index,follow","Product,BreadcrumbList",assets/machines/herder-maaikorf/herder-maaikorf-1.jpg,,
/machine/herder-onkruidborstel/,machine,herder-onkruidborstel,Herder Onkruidborstel,Herder Onkruidborstel | Wim van Breda,"Hydraulisch aangedreven onkruidborstel voor mechanische, milieuvriendelijke onkruidbestrijding op verhardingen.",https://www.wimvanbreda.nl/machine/herder-onkruidborstel/,Herder Onkruidborstel | Wim van Breda,"Hydraulisch aangedreven onkruidborstel voor mechanische, milieuvriendelijke onkruidbestrijding op verhardingen.",assets/machines/herder-onkruidborstel/herder-onkruidborstel-1.jpg,"index,follow","Product,BreadcrumbList",assets/machines/herder-onkruidborstel/herder-onkruidborstel-1.jpg,,
/machine/herder-vangrailmaaier/,machine,herder-vangrailmaaier,Herder Vangrailmaaier,Herder Vangrailmaaier | Wim van Breda,"Specialistische maaier met flexibele arm voor het maaien van gras en begroeiing over, onder en rondom vangrails.",https://www.wimvanbreda.nl/machine/herder-vangrailmaaier/,Herder Vangrailmaaier | Wim van Breda,"Specialistische maaier met flexibele arm voor het maaien van gras en begroeiing over, onder en rondom vangrails.",assets/machines/herder-vangrailmaaier/herder-vangrailmaaier-1.jpg,"index,follow","Product,BreadcrumbList",assets/machines/herder-vangrailmaaier/herder-vangrailmaaier-1.jpg,,
/machine/herder-ecochopper/,machine,herder-ecochopper,Herder Ecochopper,Herder Ecochopper | Wim van Breda,"Kleurkeur-gecertificeerde ecologische maaier voor duurzaam berm-, talud- en slootonderhoud met behoud van biodiversiteit.",https://www.wimvanbreda.nl/machine/herder-ecochopper/,Herder Ecochopper | Wim van Breda,"Kleurkeur-gecertificeerde ecologische maaier voor duurzaam berm-, talud- en slootonderhoud met behoud van biodiversiteit.",assets/machines/herder-ecochopper/herder-ecochopper-1.jpg,"index,follow","Product,BreadcrumbList",assets/machines/herder-ecochopper/herder-ecochopper-1.jpg,,
/machine/herder-grenadier-maaiarm/,machine,herder-grenadier-maaiarm,Herder Grenadier maaiarm,Herder Grenadier maaiarm | Wim van Breda,"Veelzijdige maaiarm voor zwaar bermbeheer, uitrusbaar met diverse aanbouwwerktuigen, armlengte 6,40 tot 8,80 meter.",https://www.wimvanbreda.nl/machine/herder-grenadier-maaiarm/,Herder Grenadier maaiarm | Wim van Breda,"Veelzijdige maaiarm voor zwaar bermbeheer, uitrusbaar met diverse aanbouwwerktuigen, armlengte 6,40 tot 8,80 meter.",assets/machines/herder-grenadier-maaiarm/herder-grenadier-maaiarm-1.jpg,"index,follow","Product,BreadcrumbList",assets/machines/herder-grenadier-maaiarm/herder-grenadier-maaiarm-1.jpg,,
/machine/herder-ecologische-maaier/,machine,herder-ecologische-maaier,Herder Ecologische maaier,Herder Ecologische maaier | Wim van Breda,"Elektrisch aangedreven, fluisterstille maaier voor duurzaam en emissiearm groenbeheer. Bekijk specificaties en toepassingen bij Wim van Breda in Geldermalsen.",https://www.wimvanbreda.nl/machine/herder-ecologische-maaier/,Herder Ecologische maaier | Wim van Breda,"Elektrisch aangedreven, fluisterstille maaier voor duurzaam en emissiearm groenbeheer. Bekijk specificaties en toepassingen bij Wim van Breda in Geldermalsen.",assets/machines/herder-ecologische-maaier/herder-ecologische-maaier-1.jpg,"index,follow","Product,BreadcrumbList",assets/machines/herder-ecologische-maaier/herder-ecologische-maaier-1.jpg,,
/machine/kersten-bladblazer/,machine,kersten-bladblazer,Kersten Bladblazer,Kersten Bladblazer | Wim van Breda,"Krachtige bladblazer met uitwisselbaar aanbouwframe, geschikt voor nagenoeg elke tractor of werktuigdrager.",https://www.wimvanbreda.nl/machine/kersten-bladblazer/,Kersten Bladblazer | Wim van Breda,"Krachtige bladblazer met uitwisselbaar aanbouwframe, geschikt voor nagenoeg elke tractor of werktuigdrager.",assets/machines/kersten-bladblazer/kersten-bladblazer-1.png,"index,follow","Product,BreadcrumbList",assets/machines/kersten-bladblazer/kersten-bladblazer-1.png,,
/machine/raymo-r48-craft-maaidek/,machine,raymo-r48-craft-maaidek,Raymo R48 Craft maaidek,Raymo R48 Craft maaidek | Wim van Breda,"Robuust maaidek voor zwaar maaiwerk zoals hoog gras en dichte begroeiing, met zwenkmessensysteem en achteruitworp.",https://www.wimvanbreda.nl/machine/raymo-r48-craft-maaidek/,Raymo R48 Craft maaidek | Wim van Breda,"Robuust maaidek voor zwaar maaiwerk zoals hoog gras en dichte begroeiing, met zwenkmessensysteem en achteruitworp.",assets/machines/raymo-r48-craft-maaidek/raymo-r48-craft-maaidek-1.jpg,"index,follow","Product,BreadcrumbList",assets/machines/raymo-r48-craft-maaidek/raymo-r48-craft-maaidek-1.jpg,,
/machine/kersten-ubs-hydro-9-werktuigdrager/,machine,kersten-ubs-hydro-9-werktuigdrager,Kersten UBS Hydro 9 werktuigdrager,Kersten UBS Hydro 9 werktuigdrager | Wim van Breda,Kersten UBS Hydro 9 werktuigdrager — werktuigdragers. Bekijk specificaties en toepassingen bij Wim van Breda in Geldermalsen.,https://www.wimvanbreda.nl/machine/kersten-ubs-hydro-9-werktuigdrager/,Kersten UBS Hydro 9 werktuigdrager | Wim van Breda,Kersten UBS Hydro 9 werktuigdrager — werktuigdragers. Bekijk specificaties en toepassingen bij Wim van Breda in Geldermalsen.,,"index,follow","Product,BreadcrumbList",,,geen foto beschikbaar
/machine/kersten-ubs-alpin-2-werktuigdrager/,machine,kersten-ubs-alpin-2-werktuigdrager,Kersten UBS Alpin 2 werktuigdrager,Kersten UBS Alpin 2 werktuigdrager | Wim van Breda,Kersten UBS Alpin 2 werktuigdrager — werktuigdragers. Bekijk specificaties en toepassingen bij Wim van Breda in Geldermalsen.,https://www.wimvanbreda.nl/machine/kersten-ubs-alpin-2-werktuigdrager/,Kersten UBS Alpin 2 werktuigdrager | Wim van Breda,Kersten UBS Alpin 2 werktuigdrager — werktuigdragers. Bekijk specificaties en toepassingen bij Wim van Breda in Geldermalsen.,assets/machines/kersten-ubs-alpin-2-werktuigdrager/kersten-ubs-alpin-2-werktuigdrager-1.jpg,"index,follow","Product,BreadcrumbList",assets/machines/kersten-ubs-alpin-2-werktuigdrager/kersten-ubs-alpin-2-werktuigdrager-1.jpg,,
/machine/kersten-ubs-hydro-2-werktuigdrager/,machine,kersten-ubs-hydro-2-werktuigdrager,Kersten UBS Hydro 2 werktuigdrager,Kersten UBS Hydro 2 werktuigdrager | Wim van Breda,"Krachtige zelfrijdende hydrostatische werktuigdrager, leverbaar als Hydro 2 13 (11,7 pk) en Hydro 2 16 (16 pk), geschikt voor meer dan 80% van alle grondwerkzaamheden. Bekijk specificaties en toepassingen bij Wim van Breda in Geldermalsen.",https://www.wimvanbreda.nl/machine/kersten-ubs-hydro-2-werktuigdrager/,Kersten UBS Hydro 2 werktuigdrager | Wim van Breda,"Krachtige zelfrijdende hydrostatische werktuigdrager, leverbaar als Hydro 2 13 (11,7 pk) en Hydro 2 16 (16 pk), geschikt voor meer dan 80% van alle grondwerkzaamheden. Bekijk specificaties en toepassingen bij Wim van Breda in Geldermalsen.",assets/machines/kersten-ubs-hydro-2-werktuigdrager/kersten-ubs-hydro-2-werktuigdrager-1.jpg,"index,follow","Product,BreadcrumbList",assets/machines/kersten-ubs-hydro-2-werktuigdrager/kersten-ubs-hydro-2-werktuigdrager-1.jpg,,
/machine/kersten-k2000-werktuigdrager/,machine,kersten-k2000-werktuigdrager,Kersten K2000 werktuigdrager,Kersten K2000 werktuigdrager | Wim van Breda,"Veelzijdige werktuigdrager voor terreinonderhoud, met Honda-motor (8,4 pk) en traploze hydrostatische aandrijving.",https://www.wimvanbreda.nl/machine/kersten-k2000-werktuigdrager/,Kersten K2000 werktuigdrager | Wim van Breda,"Veelzijdige werktuigdrager voor terreinonderhoud, met Honda-motor (8,4 pk) en traploze hydrostatische aandrijving.",assets/machines/kersten-k2000-werktuigdrager/kersten-k2000-werktuigdrager-1.jpg,"index,follow","Product,BreadcrumbList",assets/machines/kersten-k2000-werktuigdrager/kersten-k2000-werktuigdrager-1.jpg,,
/machine/kersten-k2100-werktuigdrager/,machine,kersten-k2100-werktuigdrager,Kersten K2100 werktuigdrager,Kersten K2100 werktuigdrager | Wim van Breda,"Krachtige werktuigdrager met 9 pk Honda-motor en het grootste hydraulieksysteem in zijn klasse (10,5 liter).",https://www.wimvanbreda.nl/machine/kersten-k2100-werktuigdrager/,Kersten K2100 werktuigdrager | Wim van Breda,"Krachtige werktuigdrager met 9 pk Honda-motor en het grootste hydraulieksysteem in zijn klasse (10,5 liter).",assets/machines/kersten-k2100-werktuigdrager/kersten-k2100-werktuigdrager-1.jpg,"index,follow","Product,BreadcrumbList",assets/machines/kersten-k2100-werktuigdrager/kersten-k2100-werktuigdrager-1.jpg,,
/machine/kersten-k1500-werktuigdrager/,machine,kersten-k1500-werktuigdrager,Kersten K1500 werktuigdrager,Kersten K1500 werktuigdrager | Wim van Breda,"Enkelassige werktuigdrager voor veelzijdig terreinonderhoud, met Honda-motor (5,8 pk) en 7 bandenopties.",https://www.wimvanbreda.nl/machine/kersten-k1500-werktuigdrager/,Kersten K1500 werktuigdrager | Wim van Breda,"Enkelassige werktuigdrager voor veelzijdig terreinonderhoud, met Honda-motor (5,8 pk) en 7 bandenopties.",assets/machines/kersten-k1500-werktuigdrager/kersten-k1500-werktuigdrager-1.jpg,"index,follow","Product,BreadcrumbList",assets/machines/kersten-k1500-werktuigdrager/kersten-k1500-werktuigdrager-1.jpg,,
/machine/kersten-hycut/,machine,kersten-hycut,Kersten Hycut,Kersten Hycut | Wim van Breda,"Hybride radiografische rupsmaaier voor veilig maaien op steile hellingen tot 50° (120%), tot 300 meter afstandsbediening.",https://www.wimvanbreda.nl/machine/kersten-hycut/,Kersten Hycut | Wim van Breda,"Hybride radiografische rupsmaaier voor veilig maaien op steile hellingen tot 50° (120%), tot 300 meter afstandsbediening.",assets/machines/kersten-hycut/kersten-hycut-1.jpg,"index,follow","Product,BreadcrumbList",assets/machines/kersten-hycut/kersten-hycut-1.jpg,,
/machine/reform-muli-t10-x/,machine,reform-muli-t10-x,Reform Muli T10 X,Reform Muli T10 X | Wim van Breda,Premiumklasse werktuigdrager met HCS-vering op voor- en achteras en elektrische joystickbediening van de hydrauliek.,https://www.wimvanbreda.nl/machine/reform-muli-t10-x/,Reform Muli T10 X | Wim van Breda,Premiumklasse werktuigdrager met HCS-vering op voor- en achteras en elektrische joystickbediening van de hydrauliek.,,"index,follow","Product,BreadcrumbList",,,geen foto beschikbaar
/machine/reform-muli-t6/,machine,reform-muli-t6,Reform Muli T6,Reform Muli T6 | Wim van Breda,"Lichtgewicht en kosteneffectieve werktuigdrager met uitstekende terreinmobiliteit, vermogen 55 kW/74,8 pk.",https://www.wimvanbreda.nl/machine/reform-muli-t6/,Reform Muli T6 | Wim van Breda,"Lichtgewicht en kosteneffectieve werktuigdrager met uitstekende terreinmobiliteit, vermogen 55 kW/74,8 pk.",,"index,follow","Product,BreadcrumbList",,,geen foto beschikbaar
/machine/kersten-weedo-ii/,machine,kersten-weedo-ii,Kersten Weedo II,Kersten Weedo II | Wim van Breda,"Lichtgewicht benzine-aangedreven onkruidborstel die onkruid en wortels mechanisch verwijdert, werkbreedte 50 cm.",https://www.wimvanbreda.nl/machine/kersten-weedo-ii/,Kersten Weedo II | Wim van Breda,"Lichtgewicht benzine-aangedreven onkruidborstel die onkruid en wortels mechanisch verwijdert, werkbreedte 50 cm.",assets/machines/kersten-weedo-ii/kersten-weedo-ii-1.jpg,"index,follow","Product,BreadcrumbList",assets/machines/kersten-weedo-ii/kersten-weedo-ii-1.jpg,,
/machine/reform-muli-t7/,machine,reform-muli-t7,Reform Muli T7,Reform Muli T7 | Wim van Breda,"Comfortabele tractor met enkelwielophanging op de vooras en hydraulische veringvergrendeling, vermogen 55 kW/74,8 pk.",https://www.wimvanbreda.nl/machine/reform-muli-t7/,Reform Muli T7 | Wim van Breda,"Comfortabele tractor met enkelwielophanging op de vooras en hydraulische veringvergrendeling, vermogen 55 kW/74,8 pk.",,"index,follow","Product,BreadcrumbList",,,geen foto beschikbaar
/machine/kersten-rough-cutter/,machine,kersten-rough-cutter,Kersten Rough Cutter,Kersten Rough Cutter | Wim van Breda,"Universele klepelmaaier voor grote oppervlakten en steile hellingen, hellingspercentage tot 58%, verkrijgbaar in 3 werkbreedtes.",https://www.wimvanbreda.nl/machine/kersten-rough-cutter/,Kersten Rough Cutter | Wim van Breda,"Universele klepelmaaier voor grote oppervlakten en steile hellingen, hellingspercentage tot 58%, verkrijgbaar in 3 werkbreedtes.",assets/machines/kersten-rough-cutter/kersten-rough-cutter-1.jpg,"index,follow","Product,BreadcrumbList",assets/machines/kersten-rough-cutter/kersten-rough-cutter-1.jpg,,
/machine/kersten-k820-werktuigdrager/,machine,kersten-k820-werktuigdrager,Kersten K820 werktuigdrager,Kersten K820 werktuigdrager | Wim van Breda,"Compacte werktuigdrager met Honda-motor (4,4 pk), traploze hydrostatische aandrijving, jaarrond inzetbaar.",https://www.wimvanbreda.nl/machine/kersten-k820-werktuigdrager/,Kersten K820 werktuigdrager | Wim van Breda,"Compacte werktuigdrager met Honda-motor (4,4 pk), traploze hydrostatische aandrijving, jaarrond inzetbaar.",assets/machines/kersten-k820-werktuigdrager/kersten-k820-werktuigdrager-1.jpg,"index,follow","Product,BreadcrumbList",assets/machines/kersten-k820-werktuigdrager/kersten-k820-werktuigdrager-1.jpg,,
/machine/reform-motech-cm747/,machine,reform-motech-cm747,Reform Motech CM747,Reform Motech CM747 | Wim van Breda,"Krachtige enkelassige werktuigdrager met PowerSafe-koppeling, voor maaien, frezen, ploegen en borstelen.",https://www.wimvanbreda.nl/machine/reform-motech-cm747/,Reform Motech CM747 | Wim van Breda,"Krachtige enkelassige werktuigdrager met PowerSafe-koppeling, voor maaien, frezen, ploegen en borstelen.",assets/machines/reform-motech-cm747/reform-motech-cm747-1.jpg,"index,follow","Product,BreadcrumbList",assets/machines/reform-motech-cm747/reform-motech-cm747-1.jpg,,
/machine/kersten-bodemfrees-hf600-hf700-hf700-duo/,machine,kersten-bodemfrees-hf600-hf700-hf700-duo,Kersten Bodemfrees HF600 / HF700 / HF700 Duo,Kersten Bodemfrees HF600 / HF700 / HF700 Duo | Wim van Breda,"Bodemfrees verkrijgbaar in drie uitvoeringen: HF 600 G, HF 700 G en HF 700 DUO-G, werkbreedte 60 of 70 cm.",https://www.wimvanbreda.nl/machine/kersten-bodemfrees-hf600-hf700-hf700-duo/,Kersten Bodemfrees HF600 / HF700 / HF700 Duo | Wim van Breda,"Bodemfrees verkrijgbaar in drie uitvoeringen: HF 600 G, HF 700 G en HF 700 DUO-G, werkbreedte 60 of 70 cm.",assets/machines/kersten-bodemfrees-hf600-hf700-hf700-duo/kersten-bodemfrees-hf600-hf700-hf700-duo-1.jpg,"index,follow","Product,BreadcrumbList",assets/machines/kersten-bodemfrees-hf600-hf700-hf700-duo/kersten-bodemfrees-hf600-hf700-hf700-duo-1.jpg,,
/machine/reform-motech-cm717/,machine,reform-motech-cm717,Reform Motech CM717,Reform Motech CM717 | Wim van Breda,"Compact instapmodel voor groenvoorziening en graslandverzorging, jaarrond inzetbaar, met name geschikt voor bodemfrezen.",https://www.wimvanbreda.nl/machine/reform-motech-cm717/,Reform Motech CM717 | Wim van Breda,"Compact instapmodel voor groenvoorziening en graslandverzorging, jaarrond inzetbaar, met name geschikt voor bodemfrezen.",assets/machines/reform-motech-cm717/reform-motech-cm717-1.jpg,"index,follow","Product,BreadcrumbList",assets/machines/reform-motech-cm717/reform-motech-cm717-1.jpg,,
/machine/kersten-hydroliek-kit/,machine,kersten-hydroliek-kit,Kersten Hydroliek kit,Kersten Hydroliek kit | Wim van Breda,"Volwaardig hydraulisch systeem voor trekkers zonder of met beperkte hydraulische capaciteit, 30 liter/minuut bij 180 bar.",https://www.wimvanbreda.nl/machine/kersten-hydroliek-kit/,Kersten Hydroliek kit | Wim van Breda,"Volwaardig hydraulisch systeem voor trekkers zonder of met beperkte hydraulische capaciteit, 30 liter/minuut bij 180 bar.",assets/machines/kersten-hydroliek-kit/kersten-hydroliek-kit-1.jpg,"index,follow","Product,BreadcrumbList",assets/machines/kersten-hydroliek-kit/kersten-hydroliek-kit-1.jpg,,
/machine/reform-motech-cm826-d/,machine,reform-motech-cm826-d,Reform Motech CM826 D,Reform Motech CM826 D | Wim van Breda,"Krachtige eenasser voor steile hellingen en moeilijk terrein, met vergrendelbare differentieelas en PowerSafe-koppeling.",https://www.wimvanbreda.nl/machine/reform-motech-cm826-d/,Reform Motech CM826 D | Wim van Breda,"Krachtige eenasser voor steile hellingen en moeilijk terrein, met vergrendelbare differentieelas en PowerSafe-koppeling.",assets/machines/reform-motech-cm826-d/reform-motech-cm826-d-1.jpg,"index,follow","Product,BreadcrumbList",assets/machines/reform-motech-cm826-d/reform-motech-cm826-d-1.jpg,,
/machine/kersten-onkruidborstels/,machine,kersten-onkruidborstels,Kersten Onkruidborstels,Kersten Onkruidborstels | Wim van Breda,"Onkruidborstels van Kersten, geschikt voor tractoren, werktuigdragers, zitmaaiers en eenassers. Bekijk specificaties en toepassingen bij Wim van Breda in Geldermalsen.",https://www.wimvanbreda.nl/machine/kersten-onkruidborstels/,Kersten Onkruidborstels | Wim van Breda,"Onkruidborstels van Kersten, geschikt voor tractoren, werktuigdragers, zitmaaiers en eenassers. Bekijk specificaties en toepassingen bij Wim van Breda in Geldermalsen.",assets/machines/kersten-onkruidborstels/kersten-onkruidborstels-1.jpg,"index,follow","Product,BreadcrumbList",assets/machines/kersten-onkruidborstels/kersten-onkruidborstels-1.jpg,,
/machine/reform-motech-cm818-d/,machine,reform-motech-cm818-d,Reform Motech CM818 D,Reform Motech CM818 D | Wim van Breda,Professionele bergmaaier en multifunctionele werktuigdrager voor steile hellingen en taluds. Bekijk specificaties en toepassingen bij Wim van Breda in Geldermalsen.,https://www.wimvanbreda.nl/machine/reform-motech-cm818-d/,Reform Motech CM818 D | Wim van Breda,Professionele bergmaaier en multifunctionele werktuigdrager voor steile hellingen en taluds. Bekijk specificaties en toepassingen bij Wim van Breda in Geldermalsen.,assets/machines/reform-motech-cm818-d/reform-motech-cm818-d-1.jpg,"index,follow","Product,BreadcrumbList",assets/machines/reform-motech-cm818-d/reform-motech-cm818-d-1.jpg,,
/machine/kersten-veegbezems/,machine,kersten-veegbezems,Kersten Veegbezems,Kersten Veegbezems | Wim van Breda,"Veegbezems voor tractoren, verkrijgbaar van 90 cm tot 300 cm breed, met diverse aanbouwmogelijkheden. Bekijk specificaties en toepassingen bij Wim van Breda in Geldermalsen.",https://www.wimvanbreda.nl/machine/kersten-veegbezems/,Kersten Veegbezems | Wim van Breda,"Veegbezems voor tractoren, verkrijgbaar van 90 cm tot 300 cm breed, met diverse aanbouwmogelijkheden. Bekijk specificaties en toepassingen bij Wim van Breda in Geldermalsen.",assets/machines/kersten-veegbezems/kersten-veegbezems-1.jpg,"index,follow","Product,BreadcrumbList",assets/machines/kersten-veegbezems/kersten-veegbezems-1.jpg,,
/machine/reform-motech-cm817/,machine,reform-motech-cm817,Reform Motech CM817,Reform Motech CM817 | Wim van Breda,"Compacte en wendbare enkelassige werktuigdrager voor maaien, terreinonderhoud en winterwerkzaamheden. Bekijk specificaties en toepassingen bij Wim van Breda in Geldermalsen.",https://www.wimvanbreda.nl/machine/reform-motech-cm817/,Reform Motech CM817 | Wim van Breda,"Compacte en wendbare enkelassige werktuigdrager voor maaien, terreinonderhoud en winterwerkzaamheden. Bekijk specificaties en toepassingen bij Wim van Breda in Geldermalsen.",assets/machines/reform-motech-cm817/reform-motech-cm817-1.jpg,"index,follow","Product,BreadcrumbList",assets/machines/reform-motech-cm817/reform-motech-cm817-1.jpg,,
/machine/kersten-seedomat-gazonzaaimachine/,machine,kersten-seedomat-gazonzaaimachine,Kersten Seedomat Gazonzaaimachine,Kersten Seedomat Gazonzaaimachine | Wim van Breda,"Gazonzaaimachine verkrijgbaar in drie uitvoeringen (RB 500, RB 700, RB 1000), werkbreedte 50 tot 100 cm.",https://www.wimvanbreda.nl/machine/kersten-seedomat-gazonzaaimachine/,Kersten Seedomat Gazonzaaimachine | Wim van Breda,"Gazonzaaimachine verkrijgbaar in drie uitvoeringen (RB 500, RB 700, RB 1000), werkbreedte 50 tot 100 cm.",assets/machines/kersten-seedomat-gazonzaaimachine/kersten-seedomat-gazonzaaimachine-1.jpg,"index,follow","Product,BreadcrumbList",assets/machines/kersten-seedomat-gazonzaaimachine/kersten-seedomat-gazonzaaimachine-1.jpg,,
/machine/reform-motech-cm816/,machine,reform-motech-cm816,Reform Motech CM816,Reform Motech CM816 | Wim van Breda,"Compacte enkelassige werktuigdrager voor maaien en licht terreinonderhoud, met PowerSafe-koppeling. Bekijk specificaties en toepassingen bij Wim van Breda in Geldermalsen.",https://www.wimvanbreda.nl/machine/reform-motech-cm816/,Reform Motech CM816 | Wim van Breda,"Compacte enkelassige werktuigdrager voor maaien en licht terreinonderhoud, met PowerSafe-koppeling. Bekijk specificaties en toepassingen bij Wim van Breda in Geldermalsen.",assets/machines/reform-motech-cm816/reform-motech-cm816-1.jpg,"index,follow","Product,BreadcrumbList",assets/machines/reform-motech-cm816/reform-motech-cm816-1.jpg,,
/machine/kersten-waterwagen-2000-liter/,machine,kersten-waterwagen-2000-liter,Kersten Waterwagen 2000 Liter,Kersten Waterwagen 2000 Liter | Wim van Breda,"Compacte waterwagen (Aqua-Runner) met 2.000 liter watertank en slechts 145 cm breed, voor gemeentelijk groenbeheer.",https://www.wimvanbreda.nl/machine/kersten-waterwagen-2000-liter/,Kersten Waterwagen 2000 Liter | Wim van Breda,"Compacte waterwagen (Aqua-Runner) met 2.000 liter watertank en slechts 145 cm breed, voor gemeentelijk groenbeheer.",assets/machines/kersten-waterwagen-2000-liter/kersten-waterwagen-2000-liter-1.jpg,"index,follow","Product,BreadcrumbList",assets/machines/kersten-waterwagen-2000-liter/kersten-waterwagen-2000-liter-1.jpg,,
/machine/reform-motech-rm25-maaier/,machine,reform-motech-rm25-maaier,Reform Motech RM25 maaier,Reform Motech RM25 maaier | Wim van Breda,"Krachtige motormaaier met 23 pk vermogen en standaard hydraulische as, geschikt voor zware aanbouwdelen.",https://www.wimvanbreda.nl/machine/reform-motech-rm25-maaier/,Reform Motech RM25 maaier | Wim van Breda,"Krachtige motormaaier met 23 pk vermogen en standaard hydraulische as, geschikt voor zware aanbouwdelen.",assets/machines/reform-motech-rm25-maaier/reform-motech-rm25-maaier-1.jpg,"index,follow","Product,BreadcrumbList",assets/machines/reform-motech-rm25-maaier/reform-motech-rm25-maaier-1.jpg,,
/machine/kersten-k820-pro-werktuigdrager/,machine,kersten-k820-pro-werktuigdrager,Kersten K820 Pro werktuigdrager,Kersten K820 Pro werktuigdrager | Wim van Breda,"Compacte werktuigdrager met Honda-motor en traploze hydrostatische aandrijving, rijsnelheid tot 5 km/u. Bekijk specificaties en toepassingen bij Wim van Breda in Geldermalsen.",https://www.wimvanbreda.nl/machine/kersten-k820-pro-werktuigdrager/,Kersten K820 Pro werktuigdrager | Wim van Breda,"Compacte werktuigdrager met Honda-motor en traploze hydrostatische aandrijving, rijsnelheid tot 5 km/u. Bekijk specificaties en toepassingen bij Wim van Breda in Geldermalsen.",assets/machines/kersten-k820-pro-werktuigdrager/kersten-k820-pro-werktuigdrager-1.jpg,"index,follow","Product,BreadcrumbList",assets/machines/kersten-k820-pro-werktuigdrager/kersten-k820-pro-werktuigdrager-1.jpg,,
/machine/reform-motech-rm22-maaier/,machine,reform-motech-rm22-maaier,Reform Motech RM22 maaier,Reform Motech RM22 maaier | Wim van Breda,"Compacte motormaaier met 23 pk vermogen voor professioneel maaien op steile hellingen, laag zwaartepunt.",https://www.wimvanbreda.nl/machine/reform-motech-rm22-maaier/,Reform Motech RM22 maaier | Wim van Breda,"Compacte motormaaier met 23 pk vermogen voor professioneel maaien op steile hellingen, laag zwaartepunt.",assets/machines/reform-motech-rm22-maaier/reform-motech-rm22-maaier-1.jpg,"index,follow","Product,BreadcrumbList",assets/machines/reform-motech-rm22-maaier/reform-motech-rm22-maaier-1.jpg,,
/machine/herder-cr10-werktuigdrager/,machine,herder-cr10-werktuigdrager,Herder CR10 werktuigdrager,Herder CR10 werktuigdrager | Wim van Breda,"Radiografisch bestuurbare rups-werktuigdrager voor steile hellingen tot 55°, met 55 of 75 pk dieselmotor.",https://www.wimvanbreda.nl/machine/herder-cr10-werktuigdrager/,Herder CR10 werktuigdrager | Wim van Breda,"Radiografisch bestuurbare rups-werktuigdrager voor steile hellingen tot 55°, met 55 of 75 pk dieselmotor.",assets/machines/herder-cr10-werktuigdrager/herder-cr10-werktuigdrager-1.jpg,"index,follow","Product,BreadcrumbList",assets/machines/herder-cr10-werktuigdrager/herder-cr10-werktuigdrager-1.jpg,,
/machine/reform-muli-t7-x/,machine,reform-muli-t7-x,Reform Muli T7 X,Reform Muli T7 X | Wim van Breda,Reform Muli T7 X — werktuigdragers. Bekijk specificaties en toepassingen bij Wim van Breda in Geldermalsen.,https://www.wimvanbreda.nl/machine/reform-muli-t7-x/,Reform Muli T7 X | Wim van Breda,Reform Muli T7 X — werktuigdragers. Bekijk specificaties en toepassingen bij Wim van Breda in Geldermalsen.,,"index,follow","Product,BreadcrumbList",,,geen foto beschikbaar
/machine/herder-boomknipschaar/,machine,herder-boomknipschaar,Herder Boomknipschaar,Herder Boomknipschaar | Wim van Breda,"Hydraulische boomknipschaar met twee grijparmen voor veilig knippen en verplaatsen van bomen en takken, in 3 modellen.",https://www.wimvanbreda.nl/machine/herder-boomknipschaar/,Herder Boomknipschaar | Wim van Breda,"Hydraulische boomknipschaar met twee grijparmen voor veilig knippen en verplaatsen van bomen en takken, in 3 modellen.",assets/machines/herder-boomknipschaar/herder-boomknipschaar-1.jpg,"index,follow","Product,BreadcrumbList",assets/machines/herder-boomknipschaar/herder-boomknipschaar-1.jpg,,
/machine/herder-zware-takkenschaar/,machine,herder-zware-takkenschaar,Herder Zware takkenschaar,Herder Zware takkenschaar | Wim van Breda,"Hydraulische takkenschaar voor takken tot 10 cm dik, met dubbele hydraulische draaikop, leverbaar in 4 werkbreedtes.",https://www.wimvanbreda.nl/machine/herder-zware-takkenschaar/,Herder Zware takkenschaar | Wim van Breda,"Hydraulische takkenschaar voor takken tot 10 cm dik, met dubbele hydraulische draaikop, leverbaar in 4 werkbreedtes.",assets/machines/herder-zware-takkenschaar/herder-zware-takkenschaar-1.jpg,"index,follow","Product,BreadcrumbList",assets/machines/herder-zware-takkenschaar/herder-zware-takkenschaar-1.jpg,,
/machine/martignani-phantom-m612-2000-nevelspuit/,machine,martignani-phantom-m612-2000-nevelspuit,Martignani Phantom M612 2000 nevelspuit,Martignani Phantom M612 2000 nevelspuit | Wim van Breda,Getrokken nevelspuit met 2.000 liter tank en elektrostatische spuittechniek voor het behandelen van bomen tot 35 meter hoog.,https://www.wimvanbreda.nl/machine/martignani-phantom-m612-2000-nevelspuit/,Martignani Phantom M612 2000 nevelspuit | Wim van Breda,Getrokken nevelspuit met 2.000 liter tank en elektrostatische spuittechniek voor het behandelen van bomen tot 35 meter hoog.,assets/machines/martignani-phantom-m612-2000-nevelspuit/martignani-phantom-m612-2000-nevelspuit-1.png,"index,follow","Product,BreadcrumbList",assets/machines/martignani-phantom-m612-2000-nevelspuit/martignani-phantom-m612-2000-nevelspuit-1.png,,
/machine/herder-heggenschaar/,machine,herder-heggenschaar,Herder Heggenschaar,Herder Heggenschaar | Wim van Breda,"Heggenschaar met werkbreedte van 300 cm voor bevestiging aan maaiarm of giek, hydraulisch aangedreven. Bekijk specificaties en toepassingen bij Wim van Breda in Geldermalsen.",https://www.wimvanbreda.nl/machine/herder-heggenschaar/,Herder Heggenschaar | Wim van Breda,"Heggenschaar met werkbreedte van 300 cm voor bevestiging aan maaiarm of giek, hydraulisch aangedreven. Bekijk specificaties en toepassingen bij Wim van Breda in Geldermalsen.",assets/machines/herder-heggenschaar/herder-heggenschaar-1.jpg,"index,follow","Product,BreadcrumbList",assets/machines/herder-heggenschaar/herder-heggenschaar-1.jpg,,
/machine/reform-motech-rm18-maaier/,machine,reform-motech-rm18-maaier,Reform Motech RM18 maaier,Reform Motech RM18 maaier | Wim van Breda,"Compacte, wendbare werktuigdrager voor smalle ruimtes, verkrijgbaar met 14 of 16 pk motor. Bekijk specificaties en toepassingen bij Wim van Breda in Geldermalsen.",https://www.wimvanbreda.nl/machine/reform-motech-rm18-maaier/,Reform Motech RM18 maaier | Wim van Breda,"Compacte, wendbare werktuigdrager voor smalle ruimtes, verkrijgbaar met 14 of 16 pk motor. Bekijk specificaties en toepassingen bij Wim van Breda in Geldermalsen.",assets/machines/reform-motech-rm18-maaier/reform-motech-rm18-maaier-1.jpg,"index,follow","Product,BreadcrumbList",assets/machines/reform-motech-rm18-maaier/reform-motech-rm18-maaier-1.jpg,,
/machine/herder-heggensnoeier/,machine,herder-heggensnoeier,Herder Heggensnoeier,Herder Heggensnoeier | Wim van Breda,"Heggensnoeier die snoeit én versnippert in één werkgang, met driedelige draaikop, werkbreedte 150 cm. Bekijk specificaties en toepassingen bij Wim van Breda in Geldermalsen.",https://www.wimvanbreda.nl/machine/herder-heggensnoeier/,Herder Heggensnoeier | Wim van Breda,"Heggensnoeier die snoeit én versnippert in één werkgang, met driedelige draaikop, werkbreedte 150 cm. Bekijk specificaties en toepassingen bij Wim van Breda in Geldermalsen.",assets/machines/herder-heggensnoeier/herder-heggensnoeier-1.jpg,"index,follow","Product,BreadcrumbList",assets/machines/herder-heggensnoeier/herder-heggensnoeier-1.jpg,,
/machine/martignani-phantom-m612-600-nevelspuit/,machine,martignani-phantom-m612-600-nevelspuit,Martignani Phantom M612 600 nevelspuit,Martignani Phantom M612 600 nevelspuit | Wim van Breda,"Nevelspuit voor montage in de driepunts hef van een tractor, met 600 liter tank, geschikt voor bomen tot 35 meter hoog.",https://www.wimvanbreda.nl/machine/martignani-phantom-m612-600-nevelspuit/,Martignani Phantom M612 600 nevelspuit | Wim van Breda,"Nevelspuit voor montage in de driepunts hef van een tractor, met 600 liter tank, geschikt voor bomen tot 35 meter hoog.",assets/machines/martignani-phantom-m612-600-nevelspuit/martignani-phantom-m612-600-nevelspuit-1.png,"index,follow","Product,BreadcrumbList",assets/machines/martignani-phantom-m612-600-nevelspuit/martignani-phantom-m612-600-nevelspuit-1.png,,
/machine/herder-draai-kiepkop/,machine,herder-draai-kiepkop,Herder Draai-kiepkop,Herder Draai-kiepkop | Wim van Breda,Draai-kiepkop die het werkbereik van een kraan vergroot met 80 cm en materiaal lossen aan voor- én achterzijde mogelijk maakt.,https://www.wimvanbreda.nl/machine/herder-draai-kiepkop/,Herder Draai-kiepkop | Wim van Breda,Draai-kiepkop die het werkbereik van een kraan vergroot met 80 cm en materiaal lossen aan voor- én achterzijde mogelijk maakt.,assets/machines/herder-draai-kiepkop/herder-draai-kiepkop-1.jpg,"index,follow","Product,BreadcrumbList",assets/machines/herder-draai-kiepkop/herder-draai-kiepkop-1.jpg,,
/machine/reform-motech-rm16-maaier/,machine,reform-motech-rm16-maaier,Reform Motech RM16 maaier,Reform Motech RM16 maaier | Wim van Breda,"Hellingmaaier voor topprestaties op extreem steil terrein, verkrijgbaar met 14, 16 of 23 pk vermogen. Bekijk specificaties en toepassingen bij Wim van Breda in Geldermalsen.",https://www.wimvanbreda.nl/machine/reform-motech-rm16-maaier/,Reform Motech RM16 maaier | Wim van Breda,"Hellingmaaier voor topprestaties op extreem steil terrein, verkrijgbaar met 14, 16 of 23 pk vermogen. Bekijk specificaties en toepassingen bij Wim van Breda in Geldermalsen.",assets/machines/reform-motech-rm16-maaier/reform-motech-rm16-maaier-1.jpg,"index,follow","Product,BreadcrumbList",assets/machines/reform-motech-rm16-maaier/reform-motech-rm16-maaier-1.jpg,,
/machine/herder-musketier-y-maaiarm/,machine,herder-musketier-y-maaiarm,Herder Musketier Y maaiarm,Herder Musketier Y maaiarm | Wim van Breda,"Tweezijdige maaiarm die zowel links als rechts van de tractor kan werken, met 7 meter bereik en Nivotronic-bediening.",https://www.wimvanbreda.nl/machine/herder-musketier-y-maaiarm/,Herder Musketier Y maaiarm | Wim van Breda,"Tweezijdige maaiarm die zowel links als rechts van de tractor kan werken, met 7 meter bereik en Nivotronic-bediening.",assets/machines/herder-musketier-y-maaiarm/herder-musketier-y-maaiarm-1.jpg,"index,follow","Product,BreadcrumbList",assets/machines/herder-musketier-y-maaiarm/herder-musketier-y-maaiarm-1.jpg,,
/machine/reform-motech-rm9-maaier/,machine,reform-motech-rm9-maaier,Reform Motech RM9 maaier,Reform Motech RM9 maaier | Wim van Breda,"Compacte en wendbare enkelasser voor groenbeheer en agrarische werkzaamheden, met 9 of 14 pk motor. Bekijk specificaties en toepassingen bij Wim van Breda in Geldermalsen.",https://www.wimvanbreda.nl/machine/reform-motech-rm9-maaier/,Reform Motech RM9 maaier | Wim van Breda,"Compacte en wendbare enkelasser voor groenbeheer en agrarische werkzaamheden, met 9 of 14 pk motor. Bekijk specificaties en toepassingen bij Wim van Breda in Geldermalsen.",assets/machines/reform-motech-rm9-maaier/reform-motech-rm9-maaier-1.jpg,"index,follow","Product,BreadcrumbList",assets/machines/reform-motech-rm9-maaier/reform-motech-rm9-maaier-1.jpg,,
/machine/herder-musketier-maaiarm/,machine,herder-musketier-maaiarm,Herder Musketier Maaiarm,Herder Musketier Maaiarm | Wim van Breda,"Zijwaarts gemonteerde maaiarm voor regulier weg- en bermonderhoud, standaard bereik 5,4 meter, met Nivotronic-systeem.",https://www.wimvanbreda.nl/machine/herder-musketier-maaiarm/,Herder Musketier Maaiarm | Wim van Breda,"Zijwaarts gemonteerde maaiarm voor regulier weg- en bermonderhoud, standaard bereik 5,4 meter, met Nivotronic-systeem.",assets/machines/herder-musketier-maaiarm/herder-musketier-maaiarm-1.jpg,"index,follow","Product,BreadcrumbList",assets/machines/herder-musketier-maaiarm/herder-musketier-maaiarm-1.jpg,,
/machine/mowhawk-slim-camerasysteem/,machine,mowhawk-slim-camerasysteem,MowHawk Slim camerasysteem,MowHawk Slim camerasysteem | Wim van Breda,"Slim AI-camerasysteem op de maaibalk dat invasieve exoten, zwerfvuil en vegetatiehoogte detecteert en vastlegt in GIS.",https://www.wimvanbreda.nl/machine/mowhawk-slim-camerasysteem/,MowHawk Slim camerasysteem | Wim van Breda,"Slim AI-camerasysteem op de maaibalk dat invasieve exoten, zwerfvuil en vegetatiehoogte detecteert en vastlegt in GIS.",assets/machines/mowhawk-slim-camerasysteem/mowhawk-slim-camerasysteem-1.png,"index,follow","Product,BreadcrumbList",assets/machines/mowhawk-slim-camerasysteem/mowhawk-slim-camerasysteem-1.png,,
/machine/herder-klinkpers/,machine,herder-klinkpers,Herder Klinkpers,Herder Klinkpers | Wim van Breda,Specialistisch hulpmiddel voor snel en nauwkeurig vervangen van versleten of kapotte mesjes op messenbalken.,https://www.wimvanbreda.nl/machine/herder-klinkpers/,Herder Klinkpers | Wim van Breda,Specialistisch hulpmiddel voor snel en nauwkeurig vervangen van versleten of kapotte mesjes op messenbalken.,assets/machines/herder-klinkpers/herder-klinkpers-1.jpg,"index,follow","Product,BreadcrumbList",assets/machines/herder-klinkpers/herder-klinkpers-1.jpg,,
/machine/reform-motech-rm8-maaier/,machine,reform-motech-rm8-maaier,Reform Motech RM8 maaier,Reform Motech RM8 maaier | Wim van Breda,"Compacte motormaaier voor maximale stabiliteit op steile hellingen en taluds, extreem laag zwaartepunt. Bekijk specificaties en toepassingen bij Wim van Breda in Geldermalsen.",https://www.wimvanbreda.nl/machine/reform-motech-rm8-maaier/,Reform Motech RM8 maaier | Wim van Breda,"Compacte motormaaier voor maximale stabiliteit op steile hellingen en taluds, extreem laag zwaartepunt. Bekijk specificaties en toepassingen bij Wim van Breda in Geldermalsen.",assets/machines/reform-motech-rm8-maaier/reform-motech-rm8-maaier-1.jpg,"index,follow","Product,BreadcrumbList",assets/machines/reform-motech-rm8-maaier/reform-motech-rm8-maaier-1.jpg,,
/machine/herder-slijpmachine/,machine,herder-slijpmachine,Herder Slijpmachine,Herder Slijpmachine | Wim van Breda,"Volautomatische slijpmachine met PLC-besturing voor maaikorf- en heggenschaarmessen, leverbaar in 300 of 500 cm.",https://www.wimvanbreda.nl/machine/herder-slijpmachine/,Herder Slijpmachine | Wim van Breda,"Volautomatische slijpmachine met PLC-besturing voor maaikorf- en heggenschaarmessen, leverbaar in 300 of 500 cm.",assets/machines/herder-slijpmachine/herder-slijpmachine-1.jpg,"index,follow","Product,BreadcrumbList",assets/machines/herder-slijpmachine/herder-slijpmachine-1.jpg,,
/machine/jan-veenhuis-leveringsprogramma/,machine,jan-veenhuis-leveringsprogramma,Jan Veenhuis Leveringsprogramma,Jan Veenhuis Leveringsprogramma | Wim van Breda,Deze pagina is nog in ontwikkeling; bekijk het Jan Veenhuis-assortiment tijdelijk op de website van de fabrikant.,https://www.wimvanbreda.nl/machine/jan-veenhuis-leveringsprogramma/,Jan Veenhuis Leveringsprogramma | Wim van Breda,Deze pagina is nog in ontwikkeling; bekijk het Jan Veenhuis-assortiment tijdelijk op de website van de fabrikant.,assets/machines/jan-veenhuis-leveringsprogramma/jan-veenhuis-leveringsprogramma-1.jpg,"index,follow","Product,BreadcrumbList",assets/machines/jan-veenhuis-leveringsprogramma/jan-veenhuis-leveringsprogramma-1.jpg,,
/machine/herder-bosbouwmaaier/,machine,herder-bosbouwmaaier,Herder Bosbouwmaaier,Herder Bosbouwmaaier | Wim van Breda,"Krachtige bosbouwmaaier voor dicht struikgewas, kreupelhout en kleine boomstronken, met hydraulisch opklapbare voorzijde.",https://www.wimvanbreda.nl/machine/herder-bosbouwmaaier/,Herder Bosbouwmaaier | Wim van Breda,"Krachtige bosbouwmaaier voor dicht struikgewas, kreupelhout en kleine boomstronken, met hydraulisch opklapbare voorzijde.",assets/machines/herder-bosbouwmaaier/herder-bosbouwmaaier-1.jpg,"index,follow","Product,BreadcrumbList",assets/machines/herder-bosbouwmaaier/herder-bosbouwmaaier-1.jpg,,
/machine/votex-570-pto-bladzuiger/,machine,votex-570-pto-bladzuiger,Votex 570 PTO bladzuiger,Votex 570 PTO bladzuiger | Wim van Breda,"Krachtige PTO-aangedreven bladzuigunit met hoge luchtverplaatsing, ventilator en behuizing van mangaanstaal.",https://www.wimvanbreda.nl/machine/votex-570-pto-bladzuiger/,Votex 570 PTO bladzuiger | Wim van Breda,"Krachtige PTO-aangedreven bladzuigunit met hoge luchtverplaatsing, ventilator en behuizing van mangaanstaal.",assets/machines/votex-570-pto-bladzuiger/votex-570-pto-bladzuiger-1.jpg,"index,follow","Product,BreadcrumbList",assets/machines/votex-570-pto-bladzuiger/votex-570-pto-bladzuiger-1.jpg,,
/machine/herder-meervoudige-cirkelzaag/,machine,herder-meervoudige-cirkelzaag,Herder Meervoudige cirkelzaag,Herder Meervoudige cirkelzaag | Wim van Breda,"Krachtige meervoudige cirkelzaag met 3 of 4 zaagbladen voor zwaar snoeiwerk en achterstallig onderhoud, werkbreedte 210 cm.",https://www.wimvanbreda.nl/machine/herder-meervoudige-cirkelzaag/,Herder Meervoudige cirkelzaag | Wim van Breda,"Krachtige meervoudige cirkelzaag met 3 of 4 zaagbladen voor zwaar snoeiwerk en achterstallig onderhoud, werkbreedte 210 cm.",assets/machines/herder-meervoudige-cirkelzaag/herder-meervoudige-cirkelzaag-1.jpg,"index,follow","Product,BreadcrumbList",assets/machines/herder-meervoudige-cirkelzaag/herder-meervoudige-cirkelzaag-1.jpg,,
/machine/reform-metrac-h60-tractor/,machine,reform-metrac-h60-tractor,Reform Metrac H60 tractor,Reform Metrac H60 tractor | Wim van Breda,Krachtige Metrac H60 tractor met 61 pk Perkins common-rail dieselmotor en vierwielbesturing met 5 stuurmodi.,https://www.wimvanbreda.nl/machine/reform-metrac-h60-tractor/,Reform Metrac H60 tractor | Wim van Breda,Krachtige Metrac H60 tractor met 61 pk Perkins common-rail dieselmotor en vierwielbesturing met 5 stuurmodi.,assets/machines/reform-metrac-h60-tractor/reform-metrac-h60-tractor-1.jpg,"index,follow","Product,BreadcrumbList",assets/machines/reform-metrac-h60-tractor/reform-metrac-h60-tractor-1.jpg,,
/machine/herder-cirkelzaag/,machine,herder-cirkelzaag,Herder Cirkelzaag,Herder Cirkelzaag | Wim van Breda,"Hydraulisch aangedreven cirkelzaag met 75 cm zaagblad voor takken van 2 tot 20 cm, gewicht 270 kg. Bekijk specificaties en toepassingen bij Wim van Breda in Geldermalsen.",https://www.wimvanbreda.nl/machine/herder-cirkelzaag/,Herder Cirkelzaag | Wim van Breda,"Hydraulisch aangedreven cirkelzaag met 75 cm zaagblad voor takken van 2 tot 20 cm, gewicht 270 kg. Bekijk specificaties en toepassingen bij Wim van Breda in Geldermalsen.",assets/machines/herder-cirkelzaag/herder-cirkelzaag-1.jpg,"index,follow","Product,BreadcrumbList",assets/machines/herder-cirkelzaag/herder-cirkelzaag-1.jpg,,
/machine/herder-gieken/,machine,herder-gieken,Herder Gieken,Herder Gieken | Wim van Breda,"Verlenggiek voor graafmachines, vergroot het werkbereik voor bagger-, maai- en onderhoudswerkzaamheden, inclusief korfdrager.",https://www.wimvanbreda.nl/machine/herder-gieken/,Herder Gieken | Wim van Breda,"Verlenggiek voor graafmachines, vergroot het werkbereik voor bagger-, maai- en onderhoudswerkzaamheden, inclusief korfdrager.",assets/machines/herder-gieken/herder-gieken-1.jpg,"index,follow","Product,BreadcrumbList",assets/machines/herder-gieken/herder-gieken-1.jpg,,
/machine/reform-metrac-h70-tractor/,machine,reform-metrac-h70-tractor,Reform Metrac H70 tractor,Reform Metrac H70 tractor | Wim van Breda,"Compacte krachtpatser met 75 pk Perkins dieselmotor, 1.500 kg hefvermogen en vierwielbesturing met 5 stuurmodi.",https://www.wimvanbreda.nl/machine/reform-metrac-h70-tractor/,Reform Metrac H70 tractor | Wim van Breda,"Compacte krachtpatser met 75 pk Perkins dieselmotor, 1.500 kg hefvermogen en vierwielbesturing met 5 stuurmodi.",assets/machines/reform-metrac-h70-tractor/reform-metrac-h70-tractor-1.jpg,"index,follow","Product,BreadcrumbList",assets/machines/reform-metrac-h70-tractor/reform-metrac-h70-tractor-1.jpg,,
/machine/bretrac-2-0-snelverkeer-maaivoertuig/,machine,bretrac-2-0-snelverkeer-maaivoertuig,BreTrac 2.0 snelverkeer maaivoertuig,BreTrac 2.0 snelverkeer maaivoertuig | Wim van Breda,"Snelverkeer maaivoertuig op basis van een DAF CF 400 met drie aangedreven assen, twee motoren en een Herder vierdelige giek.",https://www.wimvanbreda.nl/machine/bretrac-2-0-snelverkeer-maaivoertuig/,BreTrac 2.0 snelverkeer maaivoertuig | Wim van Breda,"Snelverkeer maaivoertuig op basis van een DAF CF 400 met drie aangedreven assen, twee motoren en een Herder vierdelige giek.",assets/machines/bretrac-2-0-snelverkeer-maaivoertuig/bretrac-2-0-snelverkeer-maaivoertuig-1.jpg,"index,follow","Product,BreadcrumbList",assets/machines/bretrac-2-0-snelverkeer-maaivoertuig/bretrac-2-0-snelverkeer-maaivoertuig-1.jpg,,
/machine/herder-waterpomp/,machine,herder-waterpomp,Herder Waterpomp,Herder Waterpomp | Wim van Breda,"Hydraulisch aangedreven centrifugaalpomp voor het snel droogleggen van sloten, montage aan maaiarm of giek.",https://www.wimvanbreda.nl/machine/herder-waterpomp/,Herder Waterpomp | Wim van Breda,"Hydraulisch aangedreven centrifugaalpomp voor het snel droogleggen van sloten, montage aan maaiarm of giek.",assets/machines/herder-waterpomp/herder-waterpomp-1.jpg,"index,follow","Product,BreadcrumbList",assets/machines/herder-waterpomp/herder-waterpomp-1.jpg,,
/machine/herder-baggerlepel/,machine,herder-baggerlepel,Herder Baggerlepel,Herder Baggerlepel | Wim van Breda,"Baggerlepel voor montage op Herder Cavalier en Grenadier maaiarmen, leverbaar in drie breedtes. Bekijk specificaties en toepassingen bij Wim van Breda in Geldermalsen.",https://www.wimvanbreda.nl/machine/herder-baggerlepel/,Herder Baggerlepel | Wim van Breda,"Baggerlepel voor montage op Herder Cavalier en Grenadier maaiarmen, leverbaar in drie breedtes. Bekijk specificaties en toepassingen bij Wim van Breda in Geldermalsen.",assets/machines/herder-baggerlepel/herder-baggerlepel-1.jpg,"index,follow","Product,BreadcrumbList",assets/machines/herder-baggerlepel/herder-baggerlepel-1.jpg,,
/machine/reform-metrac-h95-tractor/,machine,reform-metrac-h95-tractor,Reform Metrac H95 tractor,Reform Metrac H95 tractor | Wim van Breda,"Krachtige werktuigdrager met 95 pk Perkins Stage V motor, vierwielaandrijving en -besturing voor extreme hellingen.",https://www.wimvanbreda.nl/machine/reform-metrac-h95-tractor/,Reform Metrac H95 tractor | Wim van Breda,"Krachtige werktuigdrager met 95 pk Perkins Stage V motor, vierwielaandrijving en -besturing voor extreme hellingen.",assets/machines/reform-metrac-h95-tractor/reform-metrac-h95-tractor-1.jpg,"index,follow","Product,BreadcrumbList",assets/machines/reform-metrac-h95-tractor/reform-metrac-h95-tractor-1.jpg,,
/machine/reform-muli-t8-x/,machine,reform-muli-t8-x,Reform Muli T8 X,Reform Muli T8 X | Wim van Breda,"Milieuvriendelijke tractor met verwisselbare carrosserieën en aanbouwdelen, vierwielbesturing. Bekijk specificaties en toepassingen bij Wim van Breda in Geldermalsen.",https://www.wimvanbreda.nl/machine/reform-muli-t8-x/,Reform Muli T8 X | Wim van Breda,"Milieuvriendelijke tractor met verwisselbare carrosserieën en aanbouwdelen, vierwielbesturing. Bekijk specificaties en toepassingen bij Wim van Breda in Geldermalsen.",,"index,follow","Product,BreadcrumbList",,,geen foto beschikbaar
/machine/herder-stobbenfrees/,machine,herder-stobbenfrees,Herder Stobbenfrees,Herder Stobbenfrees | Wim van Breda,Hydraulisch aangedreven stobbenfrees voor het wegfrezen van boomstronken en bovengrondse wortels. Bekijk specificaties en toepassingen bij Wim van Breda in Geldermalsen.,https://www.wimvanbreda.nl/machine/herder-stobbenfrees/,Herder Stobbenfrees | Wim van Breda,Hydraulisch aangedreven stobbenfrees voor het wegfrezen van boomstronken en bovengrondse wortels. Bekijk specificaties en toepassingen bij Wim van Breda in Geldermalsen.,assets/machines/herder-stobbenfrees/herder-stobbenfrees-1.jpg,"index,follow","Product,BreadcrumbList",assets/machines/herder-stobbenfrees/herder-stobbenfrees-1.jpg,,
/machine/herder-leveringsprogramma/,machine,herder-leveringsprogramma,Herder Leveringsprogramma,Herder Leveringsprogramma | Wim van Breda,Deze pagina is nog in ontwikkeling; bekijk het Herder-assortiment tijdelijk op de website van de fabrikant.,https://www.wimvanbreda.nl/machine/herder-leveringsprogramma/,Herder Leveringsprogramma | Wim van Breda,Deze pagina is nog in ontwikkeling; bekijk het Herder-assortiment tijdelijk op de website van de fabrikant.,,"index,follow","Product,BreadcrumbList",,,geen foto beschikbaar
/machine/herder-cavalier-maaiarm/,machine,herder-cavalier-maaiarm,Herder Cavalier maaiarm,Herder Cavalier maaiarm | Wim van Breda,"Zijwaarts gemonteerde maaiarm met standaard 6,6 meter bereik (optioneel 7,35 m) en elektrisch bedienbare joystick.",https://www.wimvanbreda.nl/machine/herder-cavalier-maaiarm/,Herder Cavalier maaiarm | Wim van Breda,"Zijwaarts gemonteerde maaiarm met standaard 6,6 meter bereik (optioneel 7,35 m) en elektrisch bedienbare joystick.",assets/machines/herder-cavalier-maaiarm/herder-cavalier-maaiarm-1.jpg,"index,follow","Product,BreadcrumbList",assets/machines/herder-cavalier-maaiarm/herder-cavalier-maaiarm-1.jpg,,
/machine/ripagreen-mobility-kit/,machine,ripagreen-mobility-kit,HOAF Mobility kit,HOAF Mobility kit | Wim van Breda,"Ergonomische rugzak voor flexibel en gifvrij onkruidbeheer, geschikt voor 5 tot 6 kg (bio)propaangasflessen.",https://www.wimvanbreda.nl/machine/ripagreen-mobility-kit/,HOAF Mobility kit | Wim van Breda,"Ergonomische rugzak voor flexibel en gifvrij onkruidbeheer, geschikt voor 5 tot 6 kg (bio)propaangasflessen.",,"index,follow","Product,BreadcrumbList",,,geen foto beschikbaar
/machine/ripagreen-easy-kit/,machine,ripagreen-easy-kit,HOAF Easy Kit,HOAF Easy Kit | Wim van Breda,"Handzame en krachtige onkruidschroeier met verstelbare handgreep, uitbreidbaar met trolley of Mobility rugzak.",https://www.wimvanbreda.nl/machine/ripagreen-easy-kit/,HOAF Easy Kit | Wim van Breda,"Handzame en krachtige onkruidschroeier met verstelbare handgreep, uitbreidbaar met trolley of Mobility rugzak.",,"index,follow","Product,BreadcrumbList",,,geen foto beschikbaar
/machine/hoaf-thermhit-25-onkruidbrander/,machine,hoaf-thermhit-25-onkruidbrander,HOAF ThermHIT 25 onkruidbrander,HOAF ThermHIT 25 onkruidbrander | Wim van Breda,Compacte thermische onkruidbrander met werkbreedte van 250 mm en drievoudige hitte-overdracht. Bekijk specificaties en toepassingen bij Wim van Breda in Geldermalsen.,https://www.wimvanbreda.nl/machine/hoaf-thermhit-25-onkruidbrander/,HOAF ThermHIT 25 onkruidbrander | Wim van Breda,Compacte thermische onkruidbrander met werkbreedte van 250 mm en drievoudige hitte-overdracht. Bekijk specificaties en toepassingen bij Wim van Breda in Geldermalsen.,assets/machines/hoaf-thermhit-25-onkruidbrander/hoaf-thermhit-25-onkruidbrander-1.jpg,"index,follow","Product,BreadcrumbList",assets/machines/hoaf-thermhit-25-onkruidbrander/hoaf-thermhit-25-onkruidbrander-1.jpg,,
/machine/hoaf-thermhit-45-onkruidbrander/,machine,hoaf-thermhit-45-onkruidbrander,HOAF ThermHIT 45 onkruidbrander,HOAF ThermHIT 45 onkruidbrander | Wim van Breda,Professionele thermische onkruidbrander met werkbreedte van 450 mm voor middelgrote en grote oppervlakken.,https://www.wimvanbreda.nl/machine/hoaf-thermhit-45-onkruidbrander/,HOAF ThermHIT 45 onkruidbrander | Wim van Breda,Professionele thermische onkruidbrander met werkbreedte van 450 mm voor middelgrote en grote oppervlakken.,assets/machines/hoaf-thermhit-45-onkruidbrander/hoaf-thermhit-45-onkruidbrander-1.jpg,"index,follow","Product,BreadcrumbList",assets/machines/hoaf-thermhit-45-onkruidbrander/hoaf-thermhit-45-onkruidbrander-1.jpg,,
/machine/hoaf-thermhit-15-onkruidbrander/,machine,hoaf-thermhit-15-onkruidbrander,HOAF ThermHIT 15 onkruidbrander,HOAF ThermHIT 15 onkruidbrander | Wim van Breda,Compacte en lichtgewicht handbrander met smalle werkbreedte voor moeilijk bereikbare locaties. Bekijk specificaties en toepassingen bij Wim van Breda in Geldermalsen.,https://www.wimvanbreda.nl/machine/hoaf-thermhit-15-onkruidbrander/,HOAF ThermHIT 15 onkruidbrander | Wim van Breda,Compacte en lichtgewicht handbrander met smalle werkbreedte voor moeilijk bereikbare locaties. Bekijk specificaties en toepassingen bij Wim van Breda in Geldermalsen.,assets/machines/hoaf-thermhit-15-onkruidbrander/hoaf-thermhit-15-onkruidbrander-1.jpg,"index,follow","Product,BreadcrumbList",assets/machines/hoaf-thermhit-15-onkruidbrander/hoaf-thermhit-15-onkruidbrander-1.jpg,,
/machine/hoaf-thermhit-75-onkruidbrander/,machine,hoaf-thermhit-75-onkruidbrander,HOAF ThermHIT 75 onkruidbrander,HOAF ThermHIT 75 onkruidbrander | Wim van Breda,"HOAF ThermHIT 75 onkruidbrander: Aanbouw-onkruidbrander met werkbreedte van 750 mm voor montage op compacte werktuigdragers, vaak gecombineerd met de Kersten K1500. Bekijk specificaties en toepassingen bij Wim van Breda in Geldermalsen.",https://www.wimvanbreda.nl/machine/hoaf-thermhit-75-onkruidbrander/,HOAF ThermHIT 75 onkruidbrander | Wim van Breda,"HOAF ThermHIT 75 onkruidbrander: Aanbouw-onkruidbrander met werkbreedte van 750 mm voor montage op compacte werktuigdragers, vaak gecombineerd met de Kersten K1500. Bekijk specificaties en toepassingen bij Wim van Breda in Geldermalsen.",assets/machines/hoaf-thermhit-75-onkruidbrander/hoaf-thermhit-75-onkruidbrander-1.jpg,"index,follow","Product,BreadcrumbList",assets/machines/hoaf-thermhit-75-onkruidbrander/hoaf-thermhit-75-onkruidbrander-1.jpg,,
/machine/hoaf-thermhit-125m-onkruidbrander/,machine,hoaf-thermhit-125m-onkruidbrander,HOAF ThermHIT 125M onkruidbrander,HOAF ThermHIT 125M onkruidbrander | Wim van Breda,Professionele thermische onkruidbrander met werkbreedte van 1250 mm voor compacte werktuigdragers. Bekijk specificaties en toepassingen bij Wim van Breda in Geldermalsen.,https://www.wimvanbreda.nl/machine/hoaf-thermhit-125m-onkruidbrander/,HOAF ThermHIT 125M onkruidbrander | Wim van Breda,Professionele thermische onkruidbrander met werkbreedte van 1250 mm voor compacte werktuigdragers. Bekijk specificaties en toepassingen bij Wim van Breda in Geldermalsen.,assets/machines/hoaf-thermhit-125m-onkruidbrander/hoaf-thermhit-125m-onkruidbrander-1.jpg,"index,follow","Product,BreadcrumbList",assets/machines/hoaf-thermhit-125m-onkruidbrander/hoaf-thermhit-125m-onkruidbrander-1.jpg,,
/machine/hoaf-thermhit-100m-onkruidbrander/,machine,hoaf-thermhit-100m-onkruidbrander,HOAF ThermHit 100M onkruidbrander,HOAF ThermHit 100M onkruidbrander | Wim van Breda,"Professionele aanbouw-onkruidbrander met werkbreedte van 1.000 mm voor compacte werktuigdragers, capaciteit tot 2.000 m² per uur.",https://www.wimvanbreda.nl/machine/hoaf-thermhit-100m-onkruidbrander/,HOAF ThermHit 100M onkruidbrander | Wim van Breda,"Professionele aanbouw-onkruidbrander met werkbreedte van 1.000 mm voor compacte werktuigdragers, capaciteit tot 2.000 m² per uur.",assets/machines/hoaf-thermhit-100m-onkruidbrander/hoaf-thermhit-100m-onkruidbrander-1.jpg,"index,follow","Product,BreadcrumbList",assets/machines/hoaf-thermhit-100m-onkruidbrander/hoaf-thermhit-100m-onkruidbrander-1.jpg,,
/machine/hoaf-weedstar-50l/,machine,hoaf-weedstar-50l,HOAF WeedStar 50L,HOAF WeedStar 50L | Wim van Breda,"Aanbouw-onkruidbrander met twee onafhankelijk verstelbare branderelementen van 500 mm, capaciteit tot 3.000 m² per uur.",https://www.wimvanbreda.nl/machine/hoaf-weedstar-50l/,HOAF WeedStar 50L | Wim van Breda,"Aanbouw-onkruidbrander met twee onafhankelijk verstelbare branderelementen van 500 mm, capaciteit tot 3.000 m² per uur.",assets/machines/hoaf-weedstar-50l/hoaf-weedstar-50l-1.jpg,"index,follow","Product,BreadcrumbList",assets/machines/hoaf-weedstar-50l/hoaf-weedstar-50l-1.jpg,,
/machine/hoaf-weedstar-100l/,machine,hoaf-weedstar-100l,HOAF WeedStar 100L,HOAF WeedStar 100L | Wim van Breda,"Robuuste aanbouw-onkruidbrander met werkbreedte van 1.000 mm, vermogen 169 kW en capaciteit tot 3.000 m² per uur.",https://www.wimvanbreda.nl/machine/hoaf-weedstar-100l/,HOAF WeedStar 100L | Wim van Breda,"Robuuste aanbouw-onkruidbrander met werkbreedte van 1.000 mm, vermogen 169 kW en capaciteit tot 3.000 m² per uur.",assets/machines/hoaf-weedstar-100l/hoaf-weedstar-100l-1.jpg,"index,follow","Product,BreadcrumbList",assets/machines/hoaf-weedstar-100l/hoaf-weedstar-100l-1.jpg,,
/machine/hoaf-thermhit-75m-onkruidbrander/,machine,hoaf-thermhit-75m-onkruidbrander,HOAF ThermHit 75M onkruidbrander,HOAF ThermHit 75M onkruidbrander | Wim van Breda,"HOAF ThermHit 75M onkruidbrander: Aanbouw-onkruidbrander met werkbreedte van 750 mm voor montage op compacte werktuigdragers, vaak gecombineerd met de Kersten K1500. Bekijk specificaties en toepassingen bij Wim van Breda in Geldermalsen.",https://www.wimvanbreda.nl/machine/hoaf-thermhit-75m-onkruidbrander/,HOAF ThermHit 75M onkruidbrander | Wim van Breda,"HOAF ThermHit 75M onkruidbrander: Aanbouw-onkruidbrander met werkbreedte van 750 mm voor montage op compacte werktuigdragers, vaak gecombineerd met de Kersten K1500. Bekijk specificaties en toepassingen bij Wim van Breda in Geldermalsen.",assets/machines/hoaf-thermhit-75m-onkruidbrander/hoaf-thermhit-75m-onkruidbrander-1.jpg,"index,follow","Product,BreadcrumbList",assets/machines/hoaf-thermhit-75m-onkruidbrander/hoaf-thermhit-75m-onkruidbrander-1.jpg,,
/machine/hoaf-weedair-50ib/,machine,hoaf-weedair-50ib,HOAF WeedAir 50IB,HOAF WeedAir 50IB | Wim van Breda,"Compacte, handgevoerde onkruidschroeier met werkbreedte 500 mm, werkt met veilige hete lucht in plaats van open vlam.",https://www.wimvanbreda.nl/machine/hoaf-weedair-50ib/,HOAF WeedAir 50IB | Wim van Breda,"Compacte, handgevoerde onkruidschroeier met werkbreedte 500 mm, werkt met veilige hete lucht in plaats van open vlam.",assets/machines/hoaf-weedair-50ib/hoaf-weedair-50ib-1.jpg,"index,follow","Product,BreadcrumbList",assets/machines/hoaf-weedair-50ib/hoaf-weedair-50ib-1.jpg,,
/machine/hoaf-weedair-75ibe/,machine,hoaf-weedair-75ibe,HOAF WeedAir 75IBE,HOAF WeedAir 75IBE | Wim van Breda,"Elektrisch aangedreven onkruidschroeier met werkbreedte 750 mm en twee branderkoppen, werkt met veilige hete lucht.",https://www.wimvanbreda.nl/machine/hoaf-weedair-75ibe/,HOAF WeedAir 75IBE | Wim van Breda,"Elektrisch aangedreven onkruidschroeier met werkbreedte 750 mm en twee branderkoppen, werkt met veilige hete lucht.",assets/machines/hoaf-weedair-75ibe/hoaf-weedair-75ibe-1.jpg,"index,follow","Product,BreadcrumbList",assets/machines/hoaf-weedair-75ibe/hoaf-weedair-75ibe-1.jpg,,
/machine/hoaf-weedair-75ib/,machine,hoaf-weedair-75ib,HOAF WeedAir 75IB,HOAF WeedAir 75IB | Wim van Breda,"Compacte onkruidschroeier met werkbreedte 750 mm en twee branderkoppen, geschikt voor locaties met verhoogd brandgevaar.",https://www.wimvanbreda.nl/machine/hoaf-weedair-75ib/,HOAF WeedAir 75IB | Wim van Breda,"Compacte onkruidschroeier met werkbreedte 750 mm en twee branderkoppen, geschikt voor locaties met verhoogd brandgevaar.",assets/machines/hoaf-weedair-75ib/hoaf-weedair-75ib-1.jpg,"index,follow","Product,BreadcrumbList",assets/machines/hoaf-weedair-75ib/hoaf-weedair-75ib-1.jpg,,
/machine/hoaf-weedair-100/,machine,hoaf-weedair-100,HOAF WeedAir 100,HOAF WeedAir 100 | Wim van Breda,"Aanbouwunit met werkbreedte 1000 mm voor compacte kniktractoren en werktuigdragers, werkt met veilige hete lucht.",https://www.wimvanbreda.nl/machine/hoaf-weedair-100/,HOAF WeedAir 100 | Wim van Breda,"Aanbouwunit met werkbreedte 1000 mm voor compacte kniktractoren en werktuigdragers, werkt met veilige hete lucht.",assets/machines/hoaf-weedair-100/hoaf-weedair-100-1.jpg,"index,follow","Product,BreadcrumbList",assets/machines/hoaf-weedair-100/hoaf-weedair-100-1.jpg,,
/machine/hoaf-weedair-1002ib/,machine,hoaf-weedair-1002ib,HOAF WeedAir 1002IB,HOAF WeedAir 1002IB | Wim van Breda,"Krachtige aanbouwunit met werkbreedte 1000 mm, drie branderkoppen en twee zij-uitstoten voor obstakels. Bekijk specificaties en toepassingen bij Wim van Breda in Geldermalsen.",https://www.wimvanbreda.nl/machine/hoaf-weedair-1002ib/,HOAF WeedAir 1002IB | Wim van Breda,"Krachtige aanbouwunit met werkbreedte 1000 mm, drie branderkoppen en twee zij-uitstoten voor obstakels. Bekijk specificaties en toepassingen bij Wim van Breda in Geldermalsen.",assets/machines/hoaf-weedair-1002ib/hoaf-weedair-1002ib-1.png,"index,follow","Product,BreadcrumbList",assets/machines/hoaf-weedair-1002ib/hoaf-weedair-1002ib-1.png,,
/machine/hoaf-weedair-120/,machine,hoaf-weedair-120,HOAF WeedAir 120,HOAF WeedAir 120 | Wim van Breda,"Aanbouw-onkruidschroeier met werkbreedte 1.200 mm en capaciteit tot 2.400 m² per uur, met intelligent PLC-energiebeheer.",https://www.wimvanbreda.nl/machine/hoaf-weedair-120/,HOAF WeedAir 120 | Wim van Breda,"Aanbouw-onkruidschroeier met werkbreedte 1.200 mm en capaciteit tot 2.400 m² per uur, met intelligent PLC-energiebeheer.",assets/machines/hoaf-weedair-120/hoaf-weedair-120-1.jpg,"index,follow","Product,BreadcrumbList",assets/machines/hoaf-weedair-120/hoaf-weedair-120-1.jpg,,
/machine/hoaf-weedair-150/,machine,hoaf-weedair-150,HOAF WeedAir 150,HOAF WeedAir 150 | Wim van Breda,"Professionele onkruidschroeier met werkbreedte 1,50 meter en capaciteit tot 3.000 m² per uur voor grote verharde oppervlakken.",https://www.wimvanbreda.nl/machine/hoaf-weedair-150/,HOAF WeedAir 150 | Wim van Breda,"Professionele onkruidschroeier met werkbreedte 1,50 meter en capaciteit tot 3.000 m² per uur voor grote verharde oppervlakken.",assets/machines/hoaf-weedair-150/hoaf-weedair-150-1.png,"index,follow","Product,BreadcrumbList",assets/machines/hoaf-weedair-150/hoaf-weedair-150-1.png,,
/machine/stihl/,machine,stihl-tuinmachines,STIHL,STIHL tuinmachines en gereedschap | Wim van Breda,"Compleet assortiment STIHL tuinmachines en tuingereedschap, inclusief deskundig advies, service en onderhoud door gecertificeerde specialisten.",https://www.wimvanbreda.nl/machine/stihl/,STIHL tuinmachines en gereedschap | Wim van Breda,"Compleet assortiment STIHL tuinmachines en tuingereedschap, inclusief deskundig advies, service en onderhoud door gecertificeerde specialisten.",assets/machines/stihl/stihl-1.jpg,"index,follow","Product,BreadcrumbList",assets/machines/stihl/stihl-1.jpg,,
/machine/greentec-lrs-cirkelzaag/,machine,greentec-lrs-cirkelzaag,GreenTec LRS cirkelzaag,GreenTec LRS cirkelzaag | Wim van Breda,"Professionele cirkelzaag voor strak snoeiwerk aan bomen, hagen en windsingels, leverbaar in werkbreedtes van 1,4 m tot 4,8 m.",https://www.wimvanbreda.nl/machine/greentec-lrs-cirkelzaag/,GreenTec LRS cirkelzaag | Wim van Breda,"Professionele cirkelzaag voor strak snoeiwerk aan bomen, hagen en windsingels, leverbaar in werkbreedtes van 1,4 m tot 4,8 m.",assets/machines/greentec-lrs-cirkelzaag/greentec-lrs-cirkelzaag-1.jpg,"index,follow","Product,BreadcrumbList",assets/machines/greentec-lrs-cirkelzaag/greentec-lrs-cirkelzaag-1.jpg,,
/machine/greentec-fr-klepelmaaier/,machine,greentec-fr-klepelmaaier,GreenTec FR klepelmaaier,GreenTec FR klepelmaaier | Wim van Breda,"Robuuste en wendbare klepelmaaier voor het maaien van grote en verwaarloosde percelen, geschikt voor dik struikgewas en zware takken.",https://www.wimvanbreda.nl/machine/greentec-fr-klepelmaaier/,GreenTec FR klepelmaaier | Wim van Breda,"Robuuste en wendbare klepelmaaier voor het maaien van grote en verwaarloosde percelen, geschikt voor dik struikgewas en zware takken.",,"index,follow","Product,BreadcrumbList",,,geen foto beschikbaar
/machine/greentec-rm-heggensnoeier/,machine,greentec-rm-heggensnoeier,GreenTec RM heggensnoeier,GreenTec RM heggensnoeier | Wim van Breda,"Professionele heggensnoeier die snoeien en verpulveren in één werkgang combineert, voor zwaar onderhoud van windsingels en hoge beplanting.",https://www.wimvanbreda.nl/machine/greentec-rm-heggensnoeier/,GreenTec RM heggensnoeier | Wim van Breda,"Professionele heggensnoeier die snoeien en verpulveren in één werkgang combineert, voor zwaar onderhoud van windsingels en hoge beplanting.",assets/machines/greentec-rm-heggensnoeier/greentec-rm-heggensnoeier-1.jpg,"index,follow","Product,BreadcrumbList",assets/machines/greentec-rm-heggensnoeier/greentec-rm-heggensnoeier-1.jpg,,
/machine/greentec-ri-obstakelmaaier/,machine,greentec-ri-obstakelmaaier,GreenTec RI obstakelmaaier,GreenTec RI obstakelmaaier | Wim van Breda,"Professionele obstakelmaaier voor nauwkeurig maaien rondom bomen, palen en straatmeubilair zonder schade.",https://www.wimvanbreda.nl/machine/greentec-ri-obstakelmaaier/,GreenTec RI obstakelmaaier | Wim van Breda,"Professionele obstakelmaaier voor nauwkeurig maaien rondom bomen, palen en straatmeubilair zonder schade.",,"index,follow","Product,BreadcrumbList",,,geen foto beschikbaar
/machine/greentec-hl-heggenschaar/,machine,greentec-hl-heggenschaar,GreenTec HL heggenschaar,GreenTec HL heggenschaar | Wim van Breda,"Professionele heggenschaar met geribbelde messen en Fast Frequency Cut System, leverbaar in vier werkbreedtes van 1,52 tot 2,42 meter.",https://www.wimvanbreda.nl/machine/greentec-hl-heggenschaar/,GreenTec HL heggenschaar | Wim van Breda,"Professionele heggenschaar met geribbelde messen en Fast Frequency Cut System, leverbaar in vier werkbreedtes van 1,52 tot 2,42 meter.",assets/machines/greentec-hl-heggenschaar/greentec-hl-heggenschaar-1.jpg,"index,follow","Product,BreadcrumbList",assets/machines/greentec-hl-heggenschaar/greentec-hl-heggenschaar-1.jpg,,
/machine/greentec-s-maaibalk/,machine,greentec-s-maaibalk,GreenTec S maaibalk,GreenTec S maaibalk | Wim van Breda,"Hoogwaardige messenbalk voor nauwkeurig maaien van gras, bermen en natuurterreinen, leverbaar in vier werkbreedtes van 1,65 tot 2,40 meter.",https://www.wimvanbreda.nl/machine/greentec-s-maaibalk/,GreenTec S maaibalk | Wim van Breda,"Hoogwaardige messenbalk voor nauwkeurig maaien van gras, bermen en natuurterreinen, leverbaar in vier werkbreedtes van 1,65 tot 2,40 meter.",assets/machines/greentec-s-maaibalk/greentec-s-maaibalk-1.jpg,"index,follow","Product,BreadcrumbList",assets/machines/greentec-s-maaibalk/greentec-s-maaibalk-1.jpg,,
/machine/greentec-br-onkruidborstel/,machine,greentec-br-onkruidborstel,GreenTec BR onkruidborstel,GreenTec BR onkruidborstel | Wim van Breda,"Mechanische onkruidborstel voor duurzaam en chemievrij verwijderen van onkruid en mos, leverbaar in twee werkbreedtes.",https://www.wimvanbreda.nl/machine/greentec-br-onkruidborstel/,GreenTec BR onkruidborstel | Wim van Breda,"Mechanische onkruidborstel voor duurzaam en chemievrij verwijderen van onkruid en mos, leverbaar in twee werkbreedtes.",,"index,follow","Product,BreadcrumbList",,,geen foto beschikbaar
/machine/greentec-gr-greppelfrees/,machine,greentec-gr-greppelfrees,GreenTec GR greppelfrees,GreenTec GR greppelfrees | Wim van Breda,"Professionele greppelfrees voor mechanisch reinigen van kleinere watergangen, greppels en sloten, gemonteerd op de maaiarm.",https://www.wimvanbreda.nl/machine/greentec-gr-greppelfrees/,GreenTec GR greppelfrees | Wim van Breda,"Professionele greppelfrees voor mechanisch reinigen van kleinere watergangen, greppels en sloten, gemonteerd op de maaiarm.",,"index,follow","Product,BreadcrumbList",,,geen foto beschikbaar
/machine/greentec-fr-112-klepelmaaier/,machine,greentec-fr-112-klepelmaaier,GreenTec FR 112 klepelmaaier,GreenTec FR 112 klepelmaaier | Wim van Breda,"Compacte hydraulische klepelmaaier met werkbreedte 1,10 meter, verpulvert houtige begroeiing tot 40 mm dikte.",https://www.wimvanbreda.nl/machine/greentec-fr-112-klepelmaaier/,GreenTec FR 112 klepelmaaier | Wim van Breda,"Compacte hydraulische klepelmaaier met werkbreedte 1,10 meter, verpulvert houtige begroeiing tot 40 mm dikte.",assets/machines/greentec-fr-112-klepelmaaier/greentec-fr-112-klepelmaaier-1.jpg,"index,follow","Product,BreadcrumbList",assets/machines/greentec-fr-112-klepelmaaier/greentec-fr-112-klepelmaaier-1.jpg,,
/machine/greentec-rc-heggensnoeier/,machine,greentec-rc-heggensnoeier,GreenTec RC heggensnoeier,GreenTec RC heggensnoeier | Wim van Breda,"Heggenslagmaaier die snoeien en versnipperen combineert in één werkgang, leverbaar in drie werkbreedtes van 102 tot 162 cm.",https://www.wimvanbreda.nl/machine/greentec-rc-heggensnoeier/,GreenTec RC heggensnoeier | Wim van Breda,"Heggenslagmaaier die snoeien en versnipperen combineert in één werkgang, leverbaar in drie werkbreedtes van 102 tot 162 cm.",assets/machines/greentec-rc-heggensnoeier/greentec-rc-heggensnoeier-1.jpg,"index,follow","Product,BreadcrumbList",assets/machines/greentec-rc-heggensnoeier/greentec-rc-heggensnoeier-1.jpg,,
/machine/greentec-fr-92-klepelmaaier/,machine,greentec-fr-92-klepelmaaier,GreenTec FR 92 klepelmaaier,GreenTec FR 92 klepelmaaier | Wim van Breda,"Wendbare hydraulische klepelmaaier met werkbreedte 0,9 meter, verpulvert takken tot 4 cm dikte, gewicht slechts 138 kg.",https://www.wimvanbreda.nl/machine/greentec-fr-92-klepelmaaier/,GreenTec FR 92 klepelmaaier | Wim van Breda,"Wendbare hydraulische klepelmaaier met werkbreedte 0,9 meter, verpulvert takken tot 4 cm dikte, gewicht slechts 138 kg.",assets/machines/greentec-fr-92-klepelmaaier/greentec-fr-92-klepelmaaier-1.jpg,"index,follow","Product,BreadcrumbList",assets/machines/greentec-fr-92-klepelmaaier/greentec-fr-92-klepelmaaier-1.jpg,,
/machine/greentec-hs-heggen-en-takkenschaar/,machine,greentec-hs-heggen-en-takkenschaar,GreenTec HS heggen- en takkenschaar,GreenTec HS heggen- en takkenschaar | Wim van Breda,"Professionele heggen- en takkenschaar voor perfect snoeiwerk tot 6 cm dikte, leverbaar in drie werkbreedtes.",https://www.wimvanbreda.nl/machine/greentec-hs-heggen-en-takkenschaar/,GreenTec HS heggen- en takkenschaar | Wim van Breda,"Professionele heggen- en takkenschaar voor perfect snoeiwerk tot 6 cm dikte, leverbaar in drie werkbreedtes.",assets/machines/greentec-hs-heggen-en-takkenschaar/greentec-hs-heggen-en-takkenschaar-1.jpg,"index,follow","Product,BreadcrumbList",assets/machines/greentec-hs-heggen-en-takkenschaar/greentec-hs-heggen-en-takkenschaar-1.jpg,,
/machine/greentec-hx-takkenschaar/,machine,greentec-hx-takkenschaar,GreenTec HX takkenschaar,GreenTec HX takkenschaar | Wim van Breda,"Professionele takkenschaar voor zwaar snoeiwerk tot 11 cm dikte, met lage knipsnelheid voor maximale kracht.",https://www.wimvanbreda.nl/machine/greentec-hx-takkenschaar/,GreenTec HX takkenschaar | Wim van Breda,"Professionele takkenschaar voor zwaar snoeiwerk tot 11 cm dikte, met lage knipsnelheid voor maximale kracht.",assets/machines/greentec-hx-takkenschaar/greentec-hx-takkenschaar-1.jpg,"index,follow","Product,BreadcrumbList",assets/machines/greentec-hx-takkenschaar/greentec-hx-takkenschaar-1.jpg,,
/machine/greentec-s-190-grasmaaibalk/,machine,greentec-s-190-grasmaaibalk,GreenTec S 190 grasmaaibalk,GreenTec S 190 grasmaaibalk | Wim van Breda,"Lichtgewicht grasmaaibalk voor ecologisch maaibeheer, spaart insecten en bodemfauna dankzij rustige snijbeweging.",https://www.wimvanbreda.nl/machine/greentec-s-190-grasmaaibalk/,GreenTec S 190 grasmaaibalk | Wim van Breda,"Lichtgewicht grasmaaibalk voor ecologisch maaibeheer, spaart insecten en bodemfauna dankzij rustige snijbeweging.",assets/machines/greentec-s-190-grasmaaibalk/greentec-s-190-grasmaaibalk-1.jpg,"index,follow","Product,BreadcrumbList",assets/machines/greentec-s-190-grasmaaibalk/greentec-s-190-grasmaaibalk-1.jpg,,
/machine/greentec-puma-2803-multidrager/,machine,greentec-puma-2803-multidrager,GreenTec Puma 2803 multidrager,GreenTec Puma 2803 multidrager | Wim van Breda,"Hoogwaardige multidrager die het horizontale bereik van uw voertuig vergroot tot 2,2 meter, met hydraulisch Break-Back-systeem.",https://www.wimvanbreda.nl/machine/greentec-puma-2803-multidrager/,GreenTec Puma 2803 multidrager | Wim van Breda,"Hoogwaardige multidrager die het horizontale bereik van uw voertuig vergroot tot 2,2 meter, met hydraulisch Break-Back-systeem.",assets/machines/greentec-puma-2803-multidrager/greentec-puma-2803-multidrager-1.jpg,"index,follow","Product,BreadcrumbList",assets/machines/greentec-puma-2803-multidrager/greentec-puma-2803-multidrager-1.jpg,,
/machine/greentec-puma-3303-multidrager/,machine,greentec-puma-3303-multidrager,GreenTec Puma 3303 multidrager,GreenTec Puma 3303 multidrager | Wim van Breda,"Krachtige multidrager met een reikwijdte van 2,5 meter voor montage op grotere voertuigen, met hydraulisch Break-Back-systeem.",https://www.wimvanbreda.nl/machine/greentec-puma-3303-multidrager/,GreenTec Puma 3303 multidrager | Wim van Breda,"Krachtige multidrager met een reikwijdte van 2,5 meter voor montage op grotere voertuigen, met hydraulisch Break-Back-systeem.",assets/machines/greentec-puma-3303-multidrager/greentec-puma-3303-multidrager-1.jpg,"index,follow","Product,BreadcrumbList",assets/machines/greentec-puma-3303-multidrager/greentec-puma-3303-multidrager-1.jpg,,
/machine/greentec-s-210-grasmaaibalk/,machine,greentec-s-210-grasmaaibalk,GreenTec S 210 grasmaaibalk,GreenTec S 210 grasmaaibalk | Wim van Breda,GreenTec S 210 grasmaaibalk — messenbalken / maaibalken. Bekijk specificaties en toepassingen bij Wim van Breda in Geldermalsen.,https://www.wimvanbreda.nl/machine/greentec-s-210-grasmaaibalk/,GreenTec S 210 grasmaaibalk | Wim van Breda,GreenTec S 210 grasmaaibalk — messenbalken / maaibalken. Bekijk specificaties en toepassingen bij Wim van Breda in Geldermalsen.,assets/machines/greentec-s-210-grasmaaibalk/greentec-s-210-grasmaaibalk-1.jpg,"index,follow","Product,BreadcrumbList",assets/machines/greentec-s-210-grasmaaibalk/greentec-s-210-grasmaaibalk-1.jpg,,
/machine/greentec-s-240-grasmaaibalk/,machine,greentec-s-240-grasmaaibalk,GreenTec S 240 grasmaaibalk,GreenTec S 240 grasmaaibalk | Wim van Breda,"Grootste grasmaaibalk binnen de S-serie met werkbreedte 2,4 meter voor grootschalig ecologisch maaibeheer.",https://www.wimvanbreda.nl/machine/greentec-s-240-grasmaaibalk/,GreenTec S 240 grasmaaibalk | Wim van Breda,"Grootste grasmaaibalk binnen de S-serie met werkbreedte 2,4 meter voor grootschalig ecologisch maaibeheer.",assets/machines/greentec-s-240-grasmaaibalk/greentec-s-240-grasmaaibalk-1.jpg,"index,follow","Product,BreadcrumbList",assets/machines/greentec-s-240-grasmaaibalk/greentec-s-240-grasmaaibalk-1.jpg,,
/machine/greentec-puma-2303-werktuigdrager/,machine,greentec-puma-2303-werktuigdrager,GreenTec Puma 2303 werktuigdrager,GreenTec Puma 2303 werktuigdrager | Wim van Breda,"Compacte werktuigdrager voor professioneel landschapsonderhoud met lichte voertuigen, reikwijdte 1,8 meter.",https://www.wimvanbreda.nl/machine/greentec-puma-2303-werktuigdrager/,GreenTec Puma 2303 werktuigdrager | Wim van Breda,"Compacte werktuigdrager voor professioneel landschapsonderhoud met lichte voertuigen, reikwijdte 1,8 meter.",assets/machines/greentec-puma-2303-werktuigdrager/greentec-puma-2303-werktuigdrager-1.jpg,"index,follow","Product,BreadcrumbList",assets/machines/greentec-puma-2303-werktuigdrager/greentec-puma-2303-werktuigdrager-1.jpg,,
/machine/greentec-fox-multifunctionele-werktuigdrager/,machine,greentec-fox-multifunctionele-werktuigdrager,GreenTec Fox multifunctionele werktuigdrager,GreenTec Fox multifunctionele werktuigdrager | Wim van Breda,"Compacte werktuigdrager met verstelbare maaiarm voor obstakelmaaien, in combinatie met de GreenTec RI 80 obstakelmaaier.",https://www.wimvanbreda.nl/machine/greentec-fox-multifunctionele-werktuigdrager/,GreenTec Fox multifunctionele werktuigdrager | Wim van Breda,"Compacte werktuigdrager met verstelbare maaiarm voor obstakelmaaien, in combinatie met de GreenTec RI 80 obstakelmaaier.",assets/machines/greentec-fox-multifunctionele-werktuigdrager/greentec-fox-multifunctionele-werktuigdrager-1.jpg,"index,follow","Product,BreadcrumbList",assets/machines/greentec-fox-multifunctionele-werktuigdrager/greentec-fox-multifunctionele-werktuigdrager-1.jpg,,
/machine/greentec-fr-122-klepelmaaier/,machine,greentec-fr-122-klepelmaaier,GreenTec FR 122 klepelmaaier,GreenTec FR 122 klepelmaaier | Wim van Breda,"Klepelmaaier met werkbreedte 1,2 meter voor fietspaden, parken en woonwijken, kan zich om elk obstakel heen bewegen.",https://www.wimvanbreda.nl/machine/greentec-fr-122-klepelmaaier/,GreenTec FR 122 klepelmaaier | Wim van Breda,"Klepelmaaier met werkbreedte 1,2 meter voor fietspaden, parken en woonwijken, kan zich om elk obstakel heen bewegen.",assets/machines/greentec-fr-122-klepelmaaier/greentec-fr-122-klepelmaaier-1.jpg,"index,follow","Product,BreadcrumbList",assets/machines/greentec-fr-122-klepelmaaier/greentec-fr-122-klepelmaaier-1.jpg,,
/machine/greentec-ri-82-obstakelmaaier/,machine,greentec-ri-82-obstakelmaaier,GreenTec RI 82 obstakelmaaier,GreenTec RI 82 obstakelmaaier | Wim van Breda,"Compacte obstakelmaaier met werkbreedte 0,8 meter voor onderhoud van heklijnen, vangrails, boom- en wijngaarden.",https://www.wimvanbreda.nl/machine/greentec-ri-82-obstakelmaaier/,GreenTec RI 82 obstakelmaaier | Wim van Breda,"Compacte obstakelmaaier met werkbreedte 0,8 meter voor onderhoud van heklijnen, vangrails, boom- en wijngaarden.",assets/machines/greentec-ri-82-obstakelmaaier/greentec-ri-82-obstakelmaaier-1.jpg,"index,follow","Product,BreadcrumbList",assets/machines/greentec-ri-82-obstakelmaaier/greentec-ri-82-obstakelmaaier-1.jpg,,
/machine/greentec-fr-122vb-klepelmaaier/,machine,greentec-fr-122vb-klepelmaaier,GreenTec FR 122VB klepelmaaier,GreenTec FR 122VB klepelmaaier | Wim van Breda,"Krachtige hydraulische klepelmaaier met geïntegreerde vacuüm-luchtstroom, werkbreedte 122 cm, voor berm-, park- en groenonderhoud.",https://www.wimvanbreda.nl/machine/greentec-fr-122vb-klepelmaaier/,GreenTec FR 122VB klepelmaaier | Wim van Breda,"Krachtige hydraulische klepelmaaier met geïntegreerde vacuüm-luchtstroom, werkbreedte 122 cm, voor berm-, park- en groenonderhoud.",assets/machines/greentec-fr-122vb-klepelmaaier/greentec-fr-122vb-klepelmaaier-1.jpg,"index,follow","Product,BreadcrumbList",assets/machines/greentec-fr-122vb-klepelmaaier/greentec-fr-122vb-klepelmaaier-1.jpg,,
/machine/greentec-scorpion-430-plus-basisfront-maaiarm/,machine,greentec-scorpion-430-plus-basisfront-maaiarm,GreenTec Scorpion 430 Plus – Basisfront maaiarm,GreenTec Scorpion 430 Plus – Basisfront maaiarm,"Compacte professionele maaiarm voor tractoren vanaf 3.000 kg, met vierpuntsmontage voor optimale stabiliteit.",https://www.wimvanbreda.nl/machine/greentec-scorpion-430-plus-basisfront-maaiarm/,GreenTec Scorpion 430 Plus – Basisfront maaiarm,"Compacte professionele maaiarm voor tractoren vanaf 3.000 kg, met vierpuntsmontage voor optimale stabiliteit.",assets/machines/greentec-scorpion-430-plus-basisfront-maaiarm/greentec-scorpion-430-plus-basisfront-maaiarm-1.jpg,"index,follow","Product,BreadcrumbList",assets/machines/greentec-scorpion-430-plus-basisfront-maaiarm/greentec-scorpion-430-plus-basisfront-maaiarm-1.jpg,,
/machine/greentec-hxf-2302-multifunctionele-werktuigdrager/,machine,greentec-hxf-2302-multifunctionele-werktuigdrager,GreenTec HXF 2302 multifunctionele werktuigdrager,GreenTec HXF 2302 multifunctionele werktuigdrager,"Meest compacte werktuigdrager binnen de GreenTec HXF-serie voor compacte wielladers, graafmachines en compacttrekkers.",https://www.wimvanbreda.nl/machine/greentec-hxf-2302-multifunctionele-werktuigdrager/,GreenTec HXF 2302 multifunctionele werktuigdrager,"Meest compacte werktuigdrager binnen de GreenTec HXF-serie voor compacte wielladers, graafmachines en compacttrekkers.",,"index,follow","Product,BreadcrumbList",,,geen foto beschikbaar
/machine/greentec-scorpion-430-plus-maaiarm/,machine,greentec-scorpion-430-plus-maaiarm,GreenTec Scorpion 430 Plus maaiarm,GreenTec Scorpion 430 Plus maaiarm | Wim van Breda,"Compacte professionele maaiarm met horizontaal bereik 4,3 meter voor tractoren vanaf 2.200 kg, met hybride armsysteem.",https://www.wimvanbreda.nl/machine/greentec-scorpion-430-plus-maaiarm/,GreenTec Scorpion 430 Plus maaiarm | Wim van Breda,"Compacte professionele maaiarm met horizontaal bereik 4,3 meter voor tractoren vanaf 2.200 kg, met hybride armsysteem.",,"index,follow","Product,BreadcrumbList",,,geen foto beschikbaar
/machine/greentec-hxf-2802-multifunctionele-werktuigdrager/,machine,greentec-hxf-2802-multifunctionele-werktuigdrager,GreenTec HXF 2802 multifunctionele werktuigdrager,GreenTec HXF 2802 multifunctionele werktuigdrager,"Veelzijdige werktuigdrager voor voorladers, wielladers en verreikers, middenmodel in de HXF-serie. Bekijk specificaties en toepassingen bij Wim van Breda in Geldermalsen.",https://www.wimvanbreda.nl/machine/greentec-hxf-2802-multifunctionele-werktuigdrager/,GreenTec HXF 2802 multifunctionele werktuigdrager,"Veelzijdige werktuigdrager voor voorladers, wielladers en verreikers, middenmodel in de HXF-serie. Bekijk specificaties en toepassingen bij Wim van Breda in Geldermalsen.",,"index,follow","Product,BreadcrumbList",,,geen foto beschikbaar
/machine/greentec-fr-162-klepelmaaier/,machine,greentec-fr-162-klepelmaaier,GreenTec FR 162 klepelmaaier,GreenTec FR 162 klepelmaaier | Wim van Breda,"Klepelmaaier met werkbreedte 1,6 meter voor fietspaden, parken en woonwijken, kan zich om elk obstakel heen bewegen.",https://www.wimvanbreda.nl/machine/greentec-fr-162-klepelmaaier/,GreenTec FR 162 klepelmaaier | Wim van Breda,"Klepelmaaier met werkbreedte 1,6 meter voor fietspaden, parken en woonwijken, kan zich om elk obstakel heen bewegen.",assets/machines/greentec-fr-162-klepelmaaier/greentec-fr-162-klepelmaaier-1.jpg,"index,follow","Product,BreadcrumbList",assets/machines/greentec-fr-162-klepelmaaier/greentec-fr-162-klepelmaaier-1.jpg,,
/machine/greentec-scorpion-430-s-basisfront-maaiarm/,machine,greentec-scorpion-430-s-basisfront-maaiarm,GreenTec Scorpion 430 S – Basisfront maaiarm,GreenTec Scorpion 430 S – Basisfront maaiarm | Wim van Breda,"Professionele maaiarm voor gebieden met beperkte ruimte, ontworpen voor kleine tractoren vanaf 3.000 kg.",https://www.wimvanbreda.nl/machine/greentec-scorpion-430-s-basisfront-maaiarm/,GreenTec Scorpion 430 S – Basisfront maaiarm | Wim van Breda,"Professionele maaiarm voor gebieden met beperkte ruimte, ontworpen voor kleine tractoren vanaf 3.000 kg.",assets/machines/greentec-scorpion-430-s-basisfront-maaiarm/greentec-scorpion-430-s-basisfront-maaiarm-1.jpg,"index,follow","Product,BreadcrumbList",assets/machines/greentec-scorpion-430-s-basisfront-maaiarm/greentec-scorpion-430-s-basisfront-maaiarm-1.jpg,,
/machine/greentec-hxf-3302-multifunctionele-werktuigdrager/,machine,greentec-hxf-3302-multifunctionele-werktuigdrager,GreenTec HXF 3302 multifunctionele werktuigdrager,GreenTec HXF 3302 multifunctionele werktuigdrager,"Grootste werktuigdrager binnen de HXF-serie voor grote verreikers, graafmachines en tractoren met voorlader.",https://www.wimvanbreda.nl/machine/greentec-hxf-3302-multifunctionele-werktuigdrager/,GreenTec HXF 3302 multifunctionele werktuigdrager,"Grootste werktuigdrager binnen de HXF-serie voor grote verreikers, graafmachines en tractoren met voorlader.",,"index,follow","Product,BreadcrumbList",,,geen foto beschikbaar
/machine/greentec-scorpion-430-s-maaiarm/,machine,greentec-scorpion-430-s-maaiarm,GreenTec Scorpion 430 S maaiarm,GreenTec Scorpion 430 S maaiarm | Wim van Breda,"Compacte en wendbare professionele maaiarm voor lichte tractoren vanaf 2.000 kg, horizontaal bereik 4,3 meter.",https://www.wimvanbreda.nl/machine/greentec-scorpion-430-s-maaiarm/,GreenTec Scorpion 430 S maaiarm | Wim van Breda,"Compacte en wendbare professionele maaiarm voor lichte tractoren vanaf 2.000 kg, horizontaal bereik 4,3 meter.",,"index,follow","Product,BreadcrumbList",,,geen foto beschikbaar
/machine/greentec-spider-820-plus-maaiarm/,machine,greentec-spider-820-plus-maaiarm,GreenTec Spider 820 Plus maaiarm,GreenTec Spider 820 Plus maaiarm | Wim van Breda,"Grootste maaiarm binnen de GreenTec Spider-serie met horizontaal bereik 8,2 meter voor tractoren vanaf 8.000 kg.",https://www.wimvanbreda.nl/machine/greentec-spider-820-plus-maaiarm/,GreenTec Spider 820 Plus maaiarm | Wim van Breda,"Grootste maaiarm binnen de GreenTec Spider-serie met horizontaal bereik 8,2 meter voor tractoren vanaf 8.000 kg.",assets/machines/greentec-spider-820-plus-maaiarm/greentec-spider-820-plus-maaiarm-1.jpg,"index,follow","Product,BreadcrumbList",assets/machines/greentec-spider-820-plus-maaiarm/greentec-spider-820-plus-maaiarm-1.jpg,,
/machine/greentec-spider-720-plus-maaiarm/,machine,greentec-spider-720-plus-maaiarm,GreenTec Spider 720 Plus maaiarm,GreenTec Spider 720 Plus maaiarm | Wim van Breda,"Krachtige en veelzijdige maaiarm met horizontaal bereik 7,2 meter voor tractoren vanaf 7.000 kg. Bekijk specificaties en toepassingen bij Wim van Breda in Geldermalsen.",https://www.wimvanbreda.nl/machine/greentec-spider-720-plus-maaiarm/,GreenTec Spider 720 Plus maaiarm | Wim van Breda,"Krachtige en veelzijdige maaiarm met horizontaal bereik 7,2 meter voor tractoren vanaf 7.000 kg. Bekijk specificaties en toepassingen bij Wim van Breda in Geldermalsen.",assets/machines/greentec-spider-720-plus-maaiarm/greentec-spider-720-plus-maaiarm-1.jpg,"index,follow","Product,BreadcrumbList",assets/machines/greentec-spider-720-plus-maaiarm/greentec-spider-720-plus-maaiarm-1.jpg,,
/machine/votex-521m-bladzuiger/,machine,votex-521m-bladzuiger,Votex 521M bladzuiger,Votex 521M bladzuiger | Wim van Breda,"Compacte en betrouwbare bladzuiger voor montage aan een aanhangwagen of pick-up, met gereedschaploze montage.",https://www.wimvanbreda.nl/machine/votex-521m-bladzuiger/,Votex 521M bladzuiger | Wim van Breda,"Compacte en betrouwbare bladzuiger voor montage aan een aanhangwagen of pick-up, met gereedschaploze montage.",assets/machines/votex-521m-bladzuiger/votex-521m-bladzuiger-1.jpg,"index,follow","Product,BreadcrumbList",assets/machines/votex-521m-bladzuiger/votex-521m-bladzuiger-1.jpg,,
/machine/greentec-spider-620-plus-maaiarm/,machine,greentec-spider-620-plus-maaiarm,GreenTec Spider 620 Plus maaiarm,GreenTec Spider 620 Plus maaiarm | Wim van Breda,"Flexibele professionele maaiarm met horizontaal bereik 6,2 meter voor tractoren vanaf 6.000 kg. Bekijk specificaties en toepassingen bij Wim van Breda in Geldermalsen.",https://www.wimvanbreda.nl/machine/greentec-spider-620-plus-maaiarm/,GreenTec Spider 620 Plus maaiarm | Wim van Breda,"Flexibele professionele maaiarm met horizontaal bereik 6,2 meter voor tractoren vanaf 6.000 kg. Bekijk specificaties en toepassingen bij Wim van Breda in Geldermalsen.",assets/machines/greentec-spider-620-plus-maaiarm/greentec-spider-620-plus-maaiarm-1.jpg,"index,follow","Product,BreadcrumbList",assets/machines/greentec-spider-620-plus-maaiarm/greentec-spider-620-plus-maaiarm-1.jpg,,
/machine/votex-570-pto-disselset/,machine,votex-570-pto-disselset,Votex 570 PTO disselset,Votex 570 PTO disselset | Wim van Breda,"Disselset voor opvangwagens, PTO-aangedreven, maakt maai-zuigwerk mogelijk zonder maaiarm met afzuiger. Bekijk specificaties en toepassingen bij Wim van Breda in Geldermalsen.",https://www.wimvanbreda.nl/machine/votex-570-pto-disselset/,Votex 570 PTO disselset | Wim van Breda,"Disselset voor opvangwagens, PTO-aangedreven, maakt maai-zuigwerk mogelijk zonder maaiarm met afzuiger. Bekijk specificaties en toepassingen bij Wim van Breda in Geldermalsen.",assets/machines/votex-570-pto-disselset/votex-570-pto-disselset-1.jpg,"index,follow","Product,BreadcrumbList",assets/machines/votex-570-pto-disselset/votex-570-pto-disselset-1.jpg,,
/machine/greentec-spider-520-plus-maaiarm/,machine,greentec-spider-520-plus-maaiarm,GreenTec Spider 520 Plus maaiarm,GreenTec Spider 520 Plus maaiarm | Wim van Breda,"Compacte en flexibele maaiarm met horizontaal bereik 5,2 meter voor tractoren vanaf 5.000 kg. Bekijk specificaties en toepassingen bij Wim van Breda in Geldermalsen.",https://www.wimvanbreda.nl/machine/greentec-spider-520-plus-maaiarm/,GreenTec Spider 520 Plus maaiarm | Wim van Breda,"Compacte en flexibele maaiarm met horizontaal bereik 5,2 meter voor tractoren vanaf 5.000 kg. Bekijk specificaties en toepassingen bij Wim van Breda in Geldermalsen.",assets/machines/greentec-spider-520-plus-maaiarm/greentec-spider-520-plus-maaiarm-1.jpg,"index,follow","Product,BreadcrumbList",assets/machines/greentec-spider-520-plus-maaiarm/greentec-spider-520-plus-maaiarm-1.jpg,,
/machine/herder-bladzuiger/,machine,herder-bladzuiger,Herder Bladzuiger,Herder Bladzuiger | Wim van Breda,"Bladzuiger voor montage aan de Herder Grenadier maaiarm, maakt in één werkgang een pad van circa 1 meter bladvrij.",https://www.wimvanbreda.nl/machine/herder-bladzuiger/,Herder Bladzuiger | Wim van Breda,"Bladzuiger voor montage aan de Herder Grenadier maaiarm, maakt in één werkgang een pad van circa 1 meter bladvrij.",assets/machines/herder-bladzuiger/herder-bladzuiger-1.jpg,"index,follow","Product,BreadcrumbList",assets/machines/herder-bladzuiger/herder-bladzuiger-1.jpg,,
/machine/votex-525m-bladzuiger/,machine,votex-525m-bladzuiger,Votex 525M bladzuiger,Votex 525M bladzuiger | Wim van Breda,"Mobiele bladzuiger op snelverkeeronderstel met in hoogte verstelbare trekboom, koppelbaar aan diverse trekkende voertuigen.",https://www.wimvanbreda.nl/machine/votex-525m-bladzuiger/,Votex 525M bladzuiger | Wim van Breda,"Mobiele bladzuiger op snelverkeeronderstel met in hoogte verstelbare trekboom, koppelbaar aan diverse trekkende voertuigen.",assets/machines/votex-525m-bladzuiger/votex-525m-bladzuiger-1.jpg,"index,follow","Product,BreadcrumbList",assets/machines/votex-525m-bladzuiger/votex-525m-bladzuiger-1.jpg,,
/machine/votex-541m-bladzuiger/,machine,votex-541m-bladzuiger,Votex 541M bladzuiger,Votex 541M bladzuiger | Wim van Breda,"Zuigunit voor zwaarder werk met 20 pk Honda GX benzinemotor en elektrische start, voor vaste montage op auto of aanhangwagen.",https://www.wimvanbreda.nl/machine/votex-541m-bladzuiger/,Votex 541M bladzuiger | Wim van Breda,"Zuigunit voor zwaarder werk met 20 pk Honda GX benzinemotor en elektrische start, voor vaste montage op auto of aanhangwagen.",assets/machines/votex-541m-bladzuiger/votex-541m-bladzuiger-1.jpg,"index,follow","Product,BreadcrumbList",assets/machines/votex-541m-bladzuiger/votex-541m-bladzuiger-1.jpg,,
/machine/votex-546m-bladzuiger/,machine,votex-546m-bladzuiger,Votex 546M bladzuiger,Votex 546M bladzuiger | Wim van Breda,"Mobiele bladzuiger met krachtige 2-cilindermotor, 5 meter transparante zuigslang en snelverkeeronderstel.",https://www.wimvanbreda.nl/machine/votex-546m-bladzuiger/,Votex 546M bladzuiger | Wim van Breda,"Mobiele bladzuiger met krachtige 2-cilindermotor, 5 meter transparante zuigslang en snelverkeeronderstel.",assets/machines/votex-546m-bladzuiger/votex-546m-bladzuiger-1.jpg,"index,follow","Product,BreadcrumbList",assets/machines/votex-546m-bladzuiger/votex-546m-bladzuiger-1.jpg,,
/machine/votex-b10p-bladblazer/,machine,votex-b10p-bladblazer,Votex B10P bladblazer,Votex B10P bladblazer | Wim van Breda,Ergonomische duwbladblazer met Honda GX270 motor en tot 5x meer capaciteit dan een rugblazer. Bekijk specificaties en toepassingen bij Wim van Breda in Geldermalsen.,https://www.wimvanbreda.nl/machine/votex-b10p-bladblazer/,Votex B10P bladblazer | Wim van Breda,Ergonomische duwbladblazer met Honda GX270 motor en tot 5x meer capaciteit dan een rugblazer. Bekijk specificaties en toepassingen bij Wim van Breda in Geldermalsen.,assets/machines/votex-b10p-bladblazer/votex-b10p-bladblazer-1.jpg,"index,follow","Product,BreadcrumbList",assets/machines/votex-b10p-bladblazer/votex-b10p-bladblazer-1.jpg,,
/machine/votex-b10m-motorbladblazer/,machine,votex-b10m-motorbladblazer,Votex B10M motorbladblazer,Votex B10M motorbladblazer | Wim van Breda,"Compacte bladblazer met eigen 9 pk Honda GX270 motor, onafhankelijk van aftakas of hydrauliek, gewicht 72 kg.",https://www.wimvanbreda.nl/machine/votex-b10m-motorbladblazer/,Votex B10M motorbladblazer | Wim van Breda,"Compacte bladblazer met eigen 9 pk Honda GX270 motor, onafhankelijk van aftakas of hydrauliek, gewicht 72 kg.",assets/machines/votex-b10m-motorbladblazer/votex-b10m-motorbladblazer-1.jpg,"index,follow","Product,BreadcrumbList",assets/machines/votex-b10m-motorbladblazer/votex-b10m-motorbladblazer-1.jpg,,
/machine/votex-b10h-hydraulische-bladblazer/,machine,votex-b10h-hydraulische-bladblazer,Votex B10H hydraulische bladblazer,Votex B10H hydraulische bladblazer | Wim van Breda,"Compacte, extreem stille hydraulisch aangedreven bladblazer zonder eigen motor, gewicht slechts 48 kg. Bekijk specificaties en toepassingen bij Wim van Breda in Geldermalsen.",https://www.wimvanbreda.nl/machine/votex-b10h-hydraulische-bladblazer/,Votex B10H hydraulische bladblazer | Wim van Breda,"Compacte, extreem stille hydraulisch aangedreven bladblazer zonder eigen motor, gewicht slechts 48 kg. Bekijk specificaties en toepassingen bij Wim van Breda in Geldermalsen.",assets/machines/votex-b10h-hydraulische-bladblazer/votex-b10h-hydraulische-bladblazer-1.jpg,"index,follow","Product,BreadcrumbList",assets/machines/votex-b10h-hydraulische-bladblazer/votex-b10h-hydraulische-bladblazer-1.jpg,,
/machine/votex-jumbo-modulair-klepelmaaier/,machine,votex-jumbo-modulair-klepelmaaier,Votex Jumbo Modulair klepelmaaier,Votex Jumbo Modulair klepelmaaier | Wim van Breda,"Modulaire klepelmaaier met verwisselbare maaikap (achteruitlaat, transportband of vijzel) voor flexibel bermbeheer.",https://www.wimvanbreda.nl/machine/votex-jumbo-modulair-klepelmaaier/,Votex Jumbo Modulair klepelmaaier | Wim van Breda,"Modulaire klepelmaaier met verwisselbare maaikap (achteruitlaat, transportband of vijzel) voor flexibel bermbeheer.",assets/machines/votex-jumbo-modulair-klepelmaaier/votex-jumbo-modulair-klepelmaaier-1.jpg,"index,follow","Product,BreadcrumbList",assets/machines/votex-jumbo-modulair-klepelmaaier/votex-jumbo-modulair-klepelmaaier-1.jpg,,
/machine/votex-b20h-hydraulische-bladblazer/,machine,votex-b20h-hydraulische-bladblazer,Votex B20H hydraulische bladblazer,Votex B20H hydraulische bladblazer | Wim van Breda,"Krachtige hydraulisch aangedreven bladblazer met 14 kW opgenomen vermogen, monteerbaar op werktuigdragers, shovels en kranen.",https://www.wimvanbreda.nl/machine/votex-b20h-hydraulische-bladblazer/,Votex B20H hydraulische bladblazer | Wim van Breda,"Krachtige hydraulisch aangedreven bladblazer met 14 kW opgenomen vermogen, monteerbaar op werktuigdragers, shovels en kranen.",assets/machines/votex-b20h-hydraulische-bladblazer/votex-b20h-hydraulische-bladblazer-1.jpg,"index,follow","Product,BreadcrumbList",assets/machines/votex-b20h-hydraulische-bladblazer/votex-b20h-hydraulische-bladblazer-1.jpg,,
/machine/votex-b20-pto-bladblazer/,machine,votex-b20-pto-bladblazer,Votex B20 PTO bladblazer,Votex B20 PTO bladblazer | Wim van Breda,"Krachtige PTO-aangedreven bladblazer met geforceerde luchtstuwing, geschikt voor tractoren vanaf 20 pk. Bekijk specificaties en toepassingen bij Wim van Breda in Geldermalsen.",https://www.wimvanbreda.nl/machine/votex-b20-pto-bladblazer/,Votex B20 PTO bladblazer | Wim van Breda,"Krachtige PTO-aangedreven bladblazer met geforceerde luchtstuwing, geschikt voor tractoren vanaf 20 pk. Bekijk specificaties en toepassingen bij Wim van Breda in Geldermalsen.",assets/machines/votex-b20-pto-bladblazer/votex-b20-pto-bladblazer-1.jpg,"index,follow","Product,BreadcrumbList",assets/machines/votex-b20-pto-bladblazer/votex-b20-pto-bladblazer-1.jpg,,
/machine/votex-b40-pto-bladblazer/,machine,votex-b40-pto-bladblazer,Votex B40 PTO bladblazer,Votex B40 PTO bladblazer | Wim van Breda,"Doorontwikkeling van de B20 met dubbele aanzuiging en 100% meer luchtcapaciteit, voor tractoren vanaf 40 pk.",https://www.wimvanbreda.nl/machine/votex-b40-pto-bladblazer/,Votex B40 PTO bladblazer | Wim van Breda,"Doorontwikkeling van de B20 met dubbele aanzuiging en 100% meer luchtcapaciteit, voor tractoren vanaf 40 pk.",assets/machines/votex-b40-pto-bladblazer/votex-b40-pto-bladblazer-1.jpg,"index,follow","Product,BreadcrumbList",assets/machines/votex-b40-pto-bladblazer/votex-b40-pto-bladblazer-1.jpg,,
/machine/votex-b60-pto-bladblazer/,machine,votex-b60-pto-bladblazer,Votex B60 PTO bladblazer,Votex B60 PTO bladblazer | Wim van Breda,"Zwaarste PTO-bladblazer met 50% meer capaciteit dan de B40, geschikt voor tractoren vanaf 60 pk. Bekijk specificaties en toepassingen bij Wim van Breda in Geldermalsen.",https://www.wimvanbreda.nl/machine/votex-b60-pto-bladblazer/,Votex B60 PTO bladblazer | Wim van Breda,"Zwaarste PTO-bladblazer met 50% meer capaciteit dan de B40, geschikt voor tractoren vanaf 60 pk. Bekijk specificaties en toepassingen bij Wim van Breda in Geldermalsen.",assets/machines/votex-b60-pto-bladblazer/votex-b60-pto-bladblazer-1.jpg,"index,follow","Product,BreadcrumbList",assets/machines/votex-b60-pto-bladblazer/votex-b60-pto-bladblazer-1.jpg,,
/machine/husmann-h10-houtversnipperaar/,machine,husmann-h10-houtversnipperaar,Husmann H10 houtversnipperaar,Husmann H10 houtversnipperaar | Wim van Breda,"Krachtigste Husmann houtversnipperaar voor materiaaldikte tot 260 mm, leverbaar als H10M (dieselmotor) of H10Z (PTO).",https://www.wimvanbreda.nl/machine/husmann-h10-houtversnipperaar/,Husmann H10 houtversnipperaar | Wim van Breda,"Krachtigste Husmann houtversnipperaar voor materiaaldikte tot 260 mm, leverbaar als H10M (dieselmotor) of H10Z (PTO).",assets/machines/husmann-h10-houtversnipperaar/husmann-h10-houtversnipperaar-1.jpg,"index,follow","Product,BreadcrumbList",assets/machines/husmann-h10-houtversnipperaar/husmann-h10-houtversnipperaar-1.jpg,,
/machine/husmann-h8-houtversnipperaar/,machine,husmann-h8-houtversnipperaar,Husmann H8 houtversnipperaar,Husmann H8 houtversnipperaar | Wim van Breda,"Krachtige houtversnipperaar voor materiaaldikte tot 240 mm, leverbaar als H8M (dieselmotor) of H8Z (PTO, 2 uitvoeringen).",https://www.wimvanbreda.nl/machine/husmann-h8-houtversnipperaar/,Husmann H8 houtversnipperaar | Wim van Breda,"Krachtige houtversnipperaar voor materiaaldikte tot 240 mm, leverbaar als H8M (dieselmotor) of H8Z (PTO, 2 uitvoeringen).",assets/machines/husmann-h8-houtversnipperaar/husmann-h8-houtversnipperaar-1.jpg,"index,follow","Product,BreadcrumbList",assets/machines/husmann-h8-houtversnipperaar/husmann-h8-houtversnipperaar-1.jpg,,
/machine/husmann-h7-houtversnipperaar/,machine,husmann-h7-houtversnipperaar,Husmann H7 houtversnipperaar,Husmann H7 houtversnipperaar | Wim van Breda,"Allround houtversnipperaar voor materiaaldikte tot 200 mm, leverbaar als H7M (dieselmotor) of H7Z (PTO, 2 uitvoeringen).",https://www.wimvanbreda.nl/machine/husmann-h7-houtversnipperaar/,Husmann H7 houtversnipperaar | Wim van Breda,"Allround houtversnipperaar voor materiaaldikte tot 200 mm, leverbaar als H7M (dieselmotor) of H7Z (PTO, 2 uitvoeringen).",assets/machines/husmann-h7-houtversnipperaar/husmann-h7-houtversnipperaar-1.jpg,"index,follow","Product,BreadcrumbList",assets/machines/husmann-h7-houtversnipperaar/husmann-h7-houtversnipperaar-1.jpg,,
/machine/husmann-h5-houtversnipperaar/,machine,husmann-h5-houtversnipperaar,Husmann H5 houtversnipperaar,Husmann H5 houtversnipperaar | Wim van Breda,"Compacte en krachtige houtversnipperaar voor materiaaldikte tot 160 mm, leverbaar als H5M (dieselmotor) of H5Z (PTO, 2 uitvoeringen).",https://www.wimvanbreda.nl/machine/husmann-h5-houtversnipperaar/,Husmann H5 houtversnipperaar | Wim van Breda,"Compacte en krachtige houtversnipperaar voor materiaaldikte tot 160 mm, leverbaar als H5M (dieselmotor) of H5Z (PTO, 2 uitvoeringen).",,"index,follow","Product,BreadcrumbList",,,geen foto beschikbaar
/machine/lm-trac-287-werktuigdrager/,machine,lm-trac-287-werktuigdrager,LM Trac 287 werktuigdrager,LM Trac 287 werktuigdrager | Wim van Breda,"Compacte, wendbare werktuigdrager met 48 pk Perkins Stage V motor, het hele jaar inzetbaar voor groenbeheer, onkruidbestrijding, reiniging en winterdienst.",https://www.wimvanbreda.nl/machine/lm-trac-287-werktuigdrager/,LM Trac 287 werktuigdrager | Wim van Breda,"Compacte, wendbare werktuigdrager met 48 pk Perkins Stage V motor, het hele jaar inzetbaar voor groenbeheer, onkruidbestrijding, reiniging en winterdienst.",assets/machines/lm-trac-287-werktuigdrager/lm-trac-287-werktuigdrager-1.jpg,"index,follow","Product,BreadcrumbList",assets/machines/lm-trac-287-werktuigdrager/lm-trac-287-werktuigdrager-1.jpg,,
/machine/lm-trac-387-werktuigdrager/,machine,lm-trac-387-werktuigdrager,LM Trac 387 werktuigdrager,LM Trac 387 werktuigdrager | Wim van Breda,"Krachtige werktuigdrager met 57 pk Kohler Stage V motor, hydrostatische vierwielaandrijving en laadvermogen tot 2.000 kg.",https://www.wimvanbreda.nl/machine/lm-trac-387-werktuigdrager/,LM Trac 387 werktuigdrager | Wim van Breda,"Krachtige werktuigdrager met 57 pk Kohler Stage V motor, hydrostatische vierwielaandrijving en laadvermogen tot 2.000 kg.",assets/machines/lm-trac-387-werktuigdrager/lm-trac-387-werktuigdrager-1.jpg,"index,follow","Product,BreadcrumbList",assets/machines/lm-trac-387-werktuigdrager/lm-trac-387-werktuigdrager-1.jpg,,
/machine/omarv-verona-bosbouwmaaier/,machine,omarv-verona-bosbouwmaaier,Omarv Verona bosbouwmaaier,Omarv Verona bosbouwmaaier | Wim van Breda,"Zware professionele bosbouwmaaier voor stammen tot 25 cm diameter, leverbaar in vier werkbreedtes van 160 tot 225 cm.",https://www.wimvanbreda.nl/machine/omarv-verona-bosbouwmaaier/,Omarv Verona bosbouwmaaier | Wim van Breda,"Zware professionele bosbouwmaaier voor stammen tot 25 cm diameter, leverbaar in vier werkbreedtes van 160 tot 225 cm.",assets/machines/omarv-verona-bosbouwmaaier/omarv-verona-bosbouwmaaier-1.jpg,"index,follow","Product,BreadcrumbList",assets/machines/omarv-verona-bosbouwmaaier/omarv-verona-bosbouwmaaier-1.jpg,,
/machine/omarv-alba-maai-laad-combinatie/,machine,omarv-alba-maai-laad-combinatie,Omarv Alba maai-laad combinatie,Omarv Alba maai-laad combinatie | Wim van Breda,"Compacte en lichtgewicht maai-laadcombinatie voor tractoren van 35 tot 80 pk, ook leverbaar als WOOD-versie voor snoeihout.",https://www.wimvanbreda.nl/machine/omarv-alba-maai-laad-combinatie/,Omarv Alba maai-laad combinatie | Wim van Breda,"Compacte en lichtgewicht maai-laadcombinatie voor tractoren van 35 tot 80 pk, ook leverbaar als WOOD-versie voor snoeihout.",assets/machines/omarv-alba-maai-laad-combinatie/omarv-alba-maai-laad-combinatie-1.jpg,"index,follow","Product,BreadcrumbList",assets/machines/omarv-alba-maai-laad-combinatie/omarv-alba-maai-laad-combinatie-1.jpg,,
/machine/omarv-firenze-maai-laad-combinatie/,machine,omarv-firenze-maai-laad-combinatie,Omarv Firenze maai-laad combinatie,Omarv Firenze maai-laad combinatie | Wim van Breda,"Professionele gedragen maai-laadcombinatie voor tractoren van 100 tot 150 pk, met schoepenklepels voor krachtige afzuiging.",https://www.wimvanbreda.nl/machine/omarv-firenze-maai-laad-combinatie/,Omarv Firenze maai-laad combinatie | Wim van Breda,"Professionele gedragen maai-laadcombinatie voor tractoren van 100 tot 150 pk, met schoepenklepels voor krachtige afzuiging.",assets/machines/omarv-firenze-maai-laad-combinatie/omarv-firenze-maai-laad-combinatie-1.jpg,"index,follow","Product,BreadcrumbList",assets/machines/omarv-firenze-maai-laad-combinatie/omarv-firenze-maai-laad-combinatie-1.jpg,,
/machine/omarv-firenze-q-maai-laad-combinatie/,machine,omarv-firenze-q-maai-laad-combinatie,Omarv Firenze Q maai-laad combinatie,Omarv Firenze Q maai-laad combinatie | Wim van Breda,"Professionele maai-laadcombinatie met hoogkipper tot 2,20 meter voor tractoren van 100 tot 150 pk, werkbreedte 190 cm.",https://www.wimvanbreda.nl/machine/omarv-firenze-q-maai-laad-combinatie/,Omarv Firenze Q maai-laad combinatie | Wim van Breda,"Professionele maai-laadcombinatie met hoogkipper tot 2,20 meter voor tractoren van 100 tot 150 pk, werkbreedte 190 cm.",assets/machines/omarv-firenze-q-maai-laad-combinatie/omarv-firenze-q-maai-laad-combinatie-1.jpg,"index,follow","Product,BreadcrumbList",assets/machines/omarv-firenze-q-maai-laad-combinatie/omarv-firenze-q-maai-laad-combinatie-1.jpg,,
/machine/omarv-venezia-ter190-maai-laad-combinatie/,machine,omarv-venezia-ter190-maai-laad-combinatie,Omarv Venezia TER190 maai-laad combinatie,Omarv Venezia TER190 maai-laad combinatie | Wim van Breda,Omarv Venezia TER190 maai-laad combinatie — maai-laadcombinaties. Bekijk specificaties en toepassingen bij Wim van Breda in Geldermalsen.,https://www.wimvanbreda.nl/machine/omarv-venezia-ter190-maai-laad-combinatie/,Omarv Venezia TER190 maai-laad combinatie | Wim van Breda,Omarv Venezia TER190 maai-laad combinatie — maai-laadcombinaties. Bekijk specificaties en toepassingen bij Wim van Breda in Geldermalsen.,assets/machines/omarv-venezia-ter190-maai-laad-combinatie/omarv-venezia-ter190-maai-laad-combinatie-1.jpg,"index,follow","Product,BreadcrumbList",assets/machines/omarv-venezia-ter190-maai-laad-combinatie/omarv-venezia-ter190-maai-laad-combinatie-1.jpg,,
/machine/omarv-ter-klepelmaaier-unit/,machine,omarv-ter-klepelmaaier-unit,Omarv TER klepelmaaier unit,Omarv TER klepelmaaier unit | Wim van Breda,"Losse klepelmaaierunit voor opbouw op een trailer of opvangwagen, o.a. Jan Veenhuis JVK 6.000/10.000, leverbaar in 190 of 225 cm.",https://www.wimvanbreda.nl/machine/omarv-ter-klepelmaaier-unit/,Omarv TER klepelmaaier unit | Wim van Breda,"Losse klepelmaaierunit voor opbouw op een trailer of opvangwagen, o.a. Jan Veenhuis JVK 6.000/10.000, leverbaar in 190 of 225 cm.",assets/machines/omarv-ter-klepelmaaier-unit/omarv-ter-klepelmaaier-unit-1.jpg,"index,follow","Product,BreadcrumbList",assets/machines/omarv-ter-klepelmaaier-unit/omarv-ter-klepelmaaier-unit-1.jpg,,
/machine/omarv-roma-klepelmaaier/,machine,omarv-roma-klepelmaaier,Omarv Roma klepelmaaier,Omarv Roma klepelmaaier | Wim van Breda,"Zware klepelmaaier voor tractoren van 90 tot 180 pk, met uitworp boven de looprol voor extreem hoog gras en houtopslag tot 6 cm.",https://www.wimvanbreda.nl/machine/omarv-roma-klepelmaaier/,Omarv Roma klepelmaaier | Wim van Breda,"Zware klepelmaaier voor tractoren van 90 tot 180 pk, met uitworp boven de looprol voor extreem hoog gras en houtopslag tot 6 cm.",assets/machines/omarv-roma-klepelmaaier/omarv-roma-klepelmaaier-1.jpg,"index,follow","Product,BreadcrumbList",assets/machines/omarv-roma-klepelmaaier/omarv-roma-klepelmaaier-1.jpg,,
/machine/omarv-torino-klepelmaaier/,machine,omarv-torino-klepelmaaier,Omarv Torino klepelmaaier,Omarv Torino klepelmaaier | Wim van Breda,"Zware klepelmaaier voor tractoren van 70 tot 140 pk, met uitworp boven de looprol, leverbaar in 6 werkbreedtes van 160 tot 260 cm.",https://www.wimvanbreda.nl/machine/omarv-torino-klepelmaaier/,Omarv Torino klepelmaaier | Wim van Breda,"Zware klepelmaaier voor tractoren van 70 tot 140 pk, met uitworp boven de looprol, leverbaar in 6 werkbreedtes van 160 tot 260 cm.",assets/machines/omarv-torino-klepelmaaier/omarv-torino-klepelmaaier-1.jpg,"index,follow","Product,BreadcrumbList",assets/machines/omarv-torino-klepelmaaier/omarv-torino-klepelmaaier-1.jpg,,
/machine/omarv-torino-e-klepelmaaier/,machine,omarv-torino-e-klepelmaaier,Omarv Torino E klepelmaaier,Omarv Torino E klepelmaaier | Wim van Breda,"Zware klepelmaaier met externe PTO-tandwielkast voor maximaal zijwaarts bereik, tractoren van 70 tot 140 pk.",https://www.wimvanbreda.nl/machine/omarv-torino-e-klepelmaaier/,Omarv Torino E klepelmaaier | Wim van Breda,"Zware klepelmaaier met externe PTO-tandwielkast voor maximaal zijwaarts bereik, tractoren van 70 tot 140 pk.",assets/machines/omarv-torino-e-klepelmaaier/omarv-torino-e-klepelmaaier-1.jpg,"index,follow","Product,BreadcrumbList",assets/machines/omarv-torino-e-klepelmaaier/omarv-torino-e-klepelmaaier-1.jpg,,
/machine/omarv-novello-klepelmaaier/,machine,omarv-novello-klepelmaaier,Omarv Novello klepelmaaier,Omarv Novello klepelmaaier | Wim van Breda,"Professionele zijklepelmaaier met hydraulische side-shift voor tractoren van 50 tot 100 pk, leverbaar in vijf werkbreedtes.",https://www.wimvanbreda.nl/machine/omarv-novello-klepelmaaier/,Omarv Novello klepelmaaier | Wim van Breda,"Professionele zijklepelmaaier met hydraulische side-shift voor tractoren van 50 tot 100 pk, leverbaar in vijf werkbreedtes.",,"index,follow","Product,BreadcrumbList",,,geen foto beschikbaar
/machine/omarv-novello-e-klepelmaaier/,machine,omarv-novello-e-klepelmaaier,Omarv Novello E klepelmaaier,Omarv Novello E klepelmaaier | Wim van Breda,"Zijklepelmaaier met externe aftakaskast voor berm- en taludonderhoud, tractoren van 50 tot 100 pk, vijf werkbreedtes.",https://www.wimvanbreda.nl/machine/omarv-novello-e-klepelmaaier/,Omarv Novello E klepelmaaier | Wim van Breda,"Zijklepelmaaier met externe aftakaskast voor berm- en taludonderhoud, tractoren van 50 tot 100 pk, vijf werkbreedtes.",assets/machines/omarv-novello-e-klepelmaaier/omarv-novello-e-klepelmaaier-1.jpg,"index,follow","Product,BreadcrumbList",assets/machines/omarv-novello-e-klepelmaaier/omarv-novello-e-klepelmaaier-1.jpg,,
/machine/omarv-bologna-3-delige-klepelmaaier/,machine,omarv-bologna-3-delige-klepelmaaier,Omarv Bologna 3-delige klepelmaaier,Omarv Bologna 3-delige klepelmaaier | Wim van Breda,"Getrokken 3-delige klepelmaaier met zwevend gemonteerde maaiers voor vliegvelden, sportvelden en grote graslanden, tot 12 km/u.",https://www.wimvanbreda.nl/machine/omarv-bologna-3-delige-klepelmaaier/,Omarv Bologna 3-delige klepelmaaier | Wim van Breda,"Getrokken 3-delige klepelmaaier met zwevend gemonteerde maaiers voor vliegvelden, sportvelden en grote graslanden, tot 12 km/u.",assets/machines/omarv-bologna-3-delige-klepelmaaier/omarv-bologna-3-delige-klepelmaaier-1.jpg,"index,follow","Product,BreadcrumbList",assets/machines/omarv-bologna-3-delige-klepelmaaier/omarv-bologna-3-delige-klepelmaaier-1.jpg,,
/machine/omarv-taf-ruwterreinmaaier/,machine,omarv-taf-ruwterreinmaaier,Omarv TAF ruwterreinmaaier,Omarv TAF ruwterreinmaaier | Wim van Breda,"Kettingmaaier met verzwaarde 16 mm kettingen voor zwaarste ruwterreinwerk, bereik tot 4 meter, verwerkt houtopslag tot 15 cm.",https://www.wimvanbreda.nl/machine/omarv-taf-ruwterreinmaaier/,Omarv TAF ruwterreinmaaier | Wim van Breda,"Kettingmaaier met verzwaarde 16 mm kettingen voor zwaarste ruwterreinwerk, bereik tot 4 meter, verwerkt houtopslag tot 15 cm.",,"index,follow","Product,BreadcrumbList",,,geen foto beschikbaar
/machine/omarv-como-klepelmaaier/,machine,omarv-como-klepelmaaier,Omarv Como klepelmaaier,Omarv Como klepelmaaier | Wim van Breda,"Robuuste klepelmaaier met opklapbare achterzijde voor extreme doorvoer, tractoren van 55 tot 100 pk, zeven werkbreedtes.",https://www.wimvanbreda.nl/machine/omarv-como-klepelmaaier/,Omarv Como klepelmaaier | Wim van Breda,"Robuuste klepelmaaier met opklapbare achterzijde voor extreme doorvoer, tractoren van 55 tot 100 pk, zeven werkbreedtes.",assets/machines/omarv-como-klepelmaaier/omarv-como-klepelmaaier-1.jpg,"index,follow","Product,BreadcrumbList",assets/machines/omarv-como-klepelmaaier/omarv-como-klepelmaaier-1.jpg,,
/machine/omarv-bari-klepelmaaier/,machine,omarv-bari-klepelmaaier,Omarv Bari klepelmaaier,Omarv Bari klepelmaaier | Wim van Breda,"Stabiele klepelmaaier met extra laag zwaartepunt, speciaal geschikt voor werk op steile hellingen en taluds, zeven werkbreedtes.",https://www.wimvanbreda.nl/machine/omarv-bari-klepelmaaier/,Omarv Bari klepelmaaier | Wim van Breda,"Stabiele klepelmaaier met extra laag zwaartepunt, speciaal geschikt voor werk op steile hellingen en taluds, zeven werkbreedtes.",assets/machines/omarv-bari-klepelmaaier/omarv-bari-klepelmaaier-1.jpg,"index,follow","Product,BreadcrumbList",assets/machines/omarv-bari-klepelmaaier/omarv-bari-klepelmaaier-1.jpg,,
/machine/omarv-milano-p-vlinder-klepelmaaier/,machine,omarv-milano-p-vlinder-klepelmaaier,Omarv Milano P vlinder klepelmaaier,Omarv Milano P vlinder klepelmaaier | Wim van Breda,"Zware opklapbare vlinder klepelmaaier voor tractoren van 160 tot 290 pk, verwerkt struiken tot 9 cm (of 12 cm met extra dikke rotoras).",https://www.wimvanbreda.nl/machine/omarv-milano-p-vlinder-klepelmaaier/,Omarv Milano P vlinder klepelmaaier | Wim van Breda,"Zware opklapbare vlinder klepelmaaier voor tractoren van 160 tot 290 pk, verwerkt struiken tot 9 cm (of 12 cm met extra dikke rotoras).",assets/machines/omarv-milano-p-vlinder-klepelmaaier/omarv-milano-p-vlinder-klepelmaaier-1.jpg,"index,follow","Product,BreadcrumbList",assets/machines/omarv-milano-p-vlinder-klepelmaaier/omarv-milano-p-vlinder-klepelmaaier-1.jpg,,
/machine/omarv-milano-mega-klepelmaaier/,machine,omarv-milano-mega-klepelmaaier,Omarv Milano Mega klepelmaaier,Omarv Milano Mega klepelmaaier | Wim van Breda,"Zware professionele klepelmaaier met dubbele transmissie, verwerkt vegetatie tot 12 cm, leverbaar in zes werkbreedtes tot 640 cm.",https://www.wimvanbreda.nl/machine/omarv-milano-mega-klepelmaaier/,Omarv Milano Mega klepelmaaier | Wim van Breda,"Zware professionele klepelmaaier met dubbele transmissie, verwerkt vegetatie tot 12 cm, leverbaar in zes werkbreedtes tot 640 cm.",assets/machines/omarv-milano-mega-klepelmaaier/omarv-milano-mega-klepelmaaier-1.jpg,"index,follow","Product,BreadcrumbList",assets/machines/omarv-milano-mega-klepelmaaier/omarv-milano-mega-klepelmaaier-1.jpg,,
/machine/omarv-milano-c-klepelmaaier/,machine,omarv-milano-c-klepelmaaier,Omarv Milano C klepelmaaier,Omarv Milano C klepelmaaier | Wim van Breda,"Dubbelzijdige klepelmaaier voor intensief groenbeheer, tractoren van 110 tot 230 pk, drie werkbreedtes van 280 tot 320 cm.",https://www.wimvanbreda.nl/machine/omarv-milano-c-klepelmaaier/,Omarv Milano C klepelmaaier | Wim van Breda,"Dubbelzijdige klepelmaaier voor intensief groenbeheer, tractoren van 110 tot 230 pk, drie werkbreedtes van 280 tot 320 cm.",assets/machines/omarv-milano-c-klepelmaaier/omarv-milano-c-klepelmaaier-1.jpg,"index,follow","Product,BreadcrumbList",assets/machines/omarv-milano-c-klepelmaaier/omarv-milano-c-klepelmaaier-1.jpg,,
/machine/omarv-milano-klepelmaaier/,machine,omarv-milano-klepelmaaier,Omarv Milano klepelmaaier,Omarv Milano klepelmaaier | Wim van Breda,"Veelzijdige klepelmaaier voor ruige vegetatie, tractoren van 60 tot 190 pk, leverbaar in zeven werkbreedtes van 160 tot 320 cm.",https://www.wimvanbreda.nl/machine/omarv-milano-klepelmaaier/,Omarv Milano klepelmaaier | Wim van Breda,"Veelzijdige klepelmaaier voor ruige vegetatie, tractoren van 60 tot 190 pk, leverbaar in zeven werkbreedtes van 160 tot 320 cm.",assets/machines/omarv-milano-klepelmaaier/omarv-milano-klepelmaaier-1.jpg,"index,follow","Product,BreadcrumbList",assets/machines/omarv-milano-klepelmaaier/omarv-milano-klepelmaaier-1.jpg,,
/machine/omarv-cuneo-px-3-delige-klepelmaaier/,machine,omarv-cuneo-px-3-delige-klepelmaaier,Omarv Cuneo PX 3-delige klepelmaaier,Omarv Cuneo PX 3-delige klepelmaaier | Wim van Breda,"Zware professionele vlinder klepelmaaier met 3-delige opbouw, werkbreedtes tot 920 cm, voor grootschalig landbouw- en terreinonderhoud.",https://www.wimvanbreda.nl/machine/omarv-cuneo-px-3-delige-klepelmaaier/,Omarv Cuneo PX 3-delige klepelmaaier | Wim van Breda,"Zware professionele vlinder klepelmaaier met 3-delige opbouw, werkbreedtes tot 920 cm, voor grootschalig landbouw- en terreinonderhoud.",assets/machines/omarv-cuneo-px-3-delige-klepelmaaier/omarv-cuneo-px-3-delige-klepelmaaier-1.jpg,"index,follow","Product,BreadcrumbList",assets/machines/omarv-cuneo-px-3-delige-klepelmaaier/omarv-cuneo-px-3-delige-klepelmaaier-1.jpg,,
/machine/omarv-cuneo-klepelmaaier/,machine,omarv-cuneo-klepelmaaier,Omarv Cuneo klepelmaaier,Omarv Cuneo klepelmaaier | Wim van Breda,"Multifunctionele klepelmaaier voor gras, stro, maïsstengels en houtresten tot 8 cm, tractoren 70-240 pk, acht werkbreedtes.",https://www.wimvanbreda.nl/machine/omarv-cuneo-klepelmaaier/,Omarv Cuneo klepelmaaier | Wim van Breda,"Multifunctionele klepelmaaier voor gras, stro, maïsstengels en houtresten tot 8 cm, tractoren 70-240 pk, acht werkbreedtes.",,"index,follow","Product,BreadcrumbList",,,geen foto beschikbaar
/machine/omarv-cuneo-p-vlinder-klepelmaaier/,machine,omarv-cuneo-p-vlinder-klepelmaaier,Omarv Cuneo P vlinder klepelmaaier,Omarv Cuneo P vlinder klepelmaaier | Wim van Breda,"Hydraulisch opvouwbare vlinder klepelmaaier met werkbreedtes van 360 tot 640 cm, voor tractoren van 110 tot 280 pk.",https://www.wimvanbreda.nl/machine/omarv-cuneo-p-vlinder-klepelmaaier/,Omarv Cuneo P vlinder klepelmaaier | Wim van Breda,"Hydraulisch opvouwbare vlinder klepelmaaier met werkbreedtes van 360 tot 640 cm, voor tractoren van 110 tot 280 pk.",assets/machines/omarv-cuneo-p-vlinder-klepelmaaier/omarv-cuneo-p-vlinder-klepelmaaier-1.jpg,"index,follow","Product,BreadcrumbList",assets/machines/omarv-cuneo-p-vlinder-klepelmaaier/omarv-cuneo-p-vlinder-klepelmaaier-1.jpg,,
/machine/omarv-barolo-klepelmaaier/,machine,omarv-barolo-klepelmaaier,Omarv Barolo klepelmaaier,Omarv Barolo klepelmaaier | Wim van Breda,"Multifunctionele klepelmaaier voor gras en gewas tot 5 cm, voor of achter de tractor, tractoren 50-130 pk, acht werkbreedtes.",https://www.wimvanbreda.nl/machine/omarv-barolo-klepelmaaier/,Omarv Barolo klepelmaaier | Wim van Breda,"Multifunctionele klepelmaaier voor gras en gewas tot 5 cm, voor of achter de tractor, tractoren 50-130 pk, acht werkbreedtes.",assets/machines/omarv-barolo-klepelmaaier/omarv-barolo-klepelmaaier-1.jpg,"index,follow","Product,BreadcrumbList",assets/machines/omarv-barolo-klepelmaaier/omarv-barolo-klepelmaaier-1.jpg,,
/machine/omarv-savigliano-semi-maai-laad-combinatie/,machine,omarv-savigliano-semi-maai-laad-combinatie,Omarv Savigliano semi maai-laad combinatie,Omarv Savigliano semi maai-laad combinatie | Wim van Breda,"Halfgetrokken maai-laadcombinatie met semi-getrokken chassisframe voor offset maaien, tractoren 50-110 pk, vier werkbreedtes.",https://www.wimvanbreda.nl/machine/omarv-savigliano-semi-maai-laad-combinatie/,Omarv Savigliano semi maai-laad combinatie | Wim van Breda,"Halfgetrokken maai-laadcombinatie met semi-getrokken chassisframe voor offset maaien, tractoren 50-110 pk, vier werkbreedtes.",assets/machines/omarv-savigliano-semi-maai-laad-combinatie/omarv-savigliano-semi-maai-laad-combinatie-1.jpg,"index,follow","Product,BreadcrumbList",assets/machines/omarv-savigliano-semi-maai-laad-combinatie/omarv-savigliano-semi-maai-laad-combinatie-1.jpg,,
/machine/omarv-gavi-klepelmaaier/,machine,omarv-gavi-klepelmaaier,Omarv Gavi klepelmaaier,Omarv Gavi klepelmaaier | Wim van Breda,"Compacte klepelmaaier voor fruitteelt en boomkwekerij, verwerkt gras en snoeihout tot 6 cm, tractoren 40-100 pk, vijf werkbreedtes.",https://www.wimvanbreda.nl/machine/omarv-gavi-klepelmaaier/,Omarv Gavi klepelmaaier | Wim van Breda,"Compacte klepelmaaier voor fruitteelt en boomkwekerij, verwerkt gras en snoeihout tot 6 cm, tractoren 40-100 pk, vijf werkbreedtes.",assets/machines/omarv-gavi-klepelmaaier/omarv-gavi-klepelmaaier-1.jpg,"index,follow","Product,BreadcrumbList",assets/machines/omarv-gavi-klepelmaaier/omarv-gavi-klepelmaaier-1.jpg,,
/machine/omarv-roero-hydro-klepelmaaier/,machine,omarv-roero-hydro-klepelmaaier,Omarv Roero Hydro klepelmaaier,Omarv Roero Hydro klepelmaaier | Wim van Breda,"Hydraulische klepelmaaier voor wielladers en voorladers, verwerkt gras en hout tot 4 cm, leverbaar in vijf werkbreedtes.",https://www.wimvanbreda.nl/machine/omarv-roero-hydro-klepelmaaier/,Omarv Roero Hydro klepelmaaier | Wim van Breda,"Hydraulische klepelmaaier voor wielladers en voorladers, verwerkt gras en hout tot 4 cm, leverbaar in vijf werkbreedtes.",,"index,follow","Product,BreadcrumbList",,,geen foto beschikbaar
/machine/omarv-roero-klepelmaaier/,machine,omarv-roero-klepelmaaier,Omarv Roero klepelmaaier,Omarv Roero klepelmaaier | Wim van Breda,"Veelzijdige compacte klepelmaaier voor gras, boomgaarden en snoeihout tot 4 cm, tractoren 30-80 pk, zes werkbreedtes.",https://www.wimvanbreda.nl/machine/omarv-roero-klepelmaaier/,Omarv Roero klepelmaaier | Wim van Breda,"Veelzijdige compacte klepelmaaier voor gras, boomgaarden en snoeihout tot 4 cm, tractoren 30-80 pk, zes werkbreedtes.",assets/machines/omarv-roero-klepelmaaier/omarv-roero-klepelmaaier-1.jpg,"index,follow","Product,BreadcrumbList",assets/machines/omarv-roero-klepelmaaier/omarv-roero-klepelmaaier-1.jpg,,
/machine/herder-fermex-sce-410h-stobbenfrees/,machine,herder-fermex-sce-410h-stobbenfrees,Fermex SCE-410H stobbenfrees,Fermex SCE-410H stobbenfrees | Wim van Breda,Fermex SCE-410H stobbenfrees — stobbenfrezen. Bekijk specificaties en toepassingen bij Wim van Breda in Geldermalsen.,https://www.wimvanbreda.nl/machine/herder-fermex-sce-410h-stobbenfrees/,Fermex SCE-410H stobbenfrees | Wim van Breda,Fermex SCE-410H stobbenfrees — stobbenfrezen. Bekijk specificaties en toepassingen bij Wim van Breda in Geldermalsen.,assets/machines/herder-fermex-sce-410h-stobbenfrees/herder-fermex-sce-410h-stobbenfrees-1.jpg,"index,follow","Product,BreadcrumbList",assets/machines/herder-fermex-sce-410h-stobbenfrees/herder-fermex-sce-410h-stobbenfrees-1.jpg,,
/machine/herder-fermex-sce-800h-stobbenfrees/,machine,herder-fermex-sce-800h-stobbenfrees,Fermex SCE-800H stobbenfrees,Fermex SCE-800H stobbenfrees | Wim van Breda,"Grootste hydraulische stobbenfrees uit de Fermex SCE-serie, voor montage aan graafmachines van 10 tot 20 ton, freeswiel 800 mm.",https://www.wimvanbreda.nl/machine/herder-fermex-sce-800h-stobbenfrees/,Fermex SCE-800H stobbenfrees | Wim van Breda,"Grootste hydraulische stobbenfrees uit de Fermex SCE-serie, voor montage aan graafmachines van 10 tot 20 ton, freeswiel 800 mm.",assets/machines/herder-fermex-sce-800h-stobbenfrees/herder-fermex-sce-800h-stobbenfrees-1.jpg,"index,follow","Product,BreadcrumbList",assets/machines/herder-fermex-sce-800h-stobbenfrees/herder-fermex-sce-800h-stobbenfrees-1.jpg,,
/machine/herder-fermex-sce-550h-stobbenfrees/,machine,herder-fermex-sce-550h-stobbenfrees,Fermex SCE-550H stobbenfrees,Fermex SCE-550H stobbenfrees | Wim van Breda,Fermex SCE-550H stobbenfrees — stobbenfrezen. Bekijk specificaties en toepassingen bij Wim van Breda in Geldermalsen.,https://www.wimvanbreda.nl/machine/herder-fermex-sce-550h-stobbenfrees/,Fermex SCE-550H stobbenfrees | Wim van Breda,Fermex SCE-550H stobbenfrees — stobbenfrezen. Bekijk specificaties en toepassingen bij Wim van Breda in Geldermalsen.,assets/machines/herder-fermex-sce-550h-stobbenfrees/herder-fermex-sce-550h-stobbenfrees-1.jpg,"index,follow","Product,BreadcrumbList",assets/machines/herder-fermex-sce-550h-stobbenfrees/herder-fermex-sce-550h-stobbenfrees-1.jpg,,
/machine/herder-fermex-sce-630h-stobbenfrees/,machine,herder-fermex-sce-630h-stobbenfrees,Fermex SCE-630H stobbenfrees,Fermex SCE-630H stobbenfrees | Wim van Breda,Fermex SCE-630H stobbenfrees — stobbenfrezen. Bekijk specificaties en toepassingen bij Wim van Breda in Geldermalsen.,https://www.wimvanbreda.nl/machine/herder-fermex-sce-630h-stobbenfrees/,Fermex SCE-630H stobbenfrees | Wim van Breda,Fermex SCE-630H stobbenfrees — stobbenfrezen. Bekijk specificaties en toepassingen bij Wim van Breda in Geldermalsen.,assets/machines/herder-fermex-sce-630h-stobbenfrees/herder-fermex-sce-630h-stobbenfrees-1.jpg,"index,follow","Product,BreadcrumbList",assets/machines/herder-fermex-sce-630h-stobbenfrees/herder-fermex-sce-630h-stobbenfrees-1.jpg,,
/machine/reform-metrac-h75-tractor/,machine,reform-metrac-h75-tractor,Reform Metrac H75 tractor,Reform Metrac H75 tractor | Wim van Breda,"Professionele werktuigdrager voor veilig werken op steile hellingen, ergonomische ontkoppelde cabine, Perkins Stage 5-motor.",https://www.wimvanbreda.nl/machine/reform-metrac-h75-tractor/,Reform Metrac H75 tractor | Wim van Breda,"Professionele werktuigdrager voor veilig werken op steile hellingen, ergonomische ontkoppelde cabine, Perkins Stage 5-motor.",assets/machines/reform-metrac-h75-tractor/reform-metrac-h75-tractor-1.jpg,"index,follow","Product,BreadcrumbList",assets/machines/reform-metrac-h75-tractor/reform-metrac-h75-tractor-1.jpg,,
/machine/as-motor-1000-ovis-rc/,machine,as-motor-1000-ovis-rc,AS-Motor 1000 OVIS RC,AS-Motor 1000 OVIS RC | Wim van Breda,AS-Motor 1000 OVIS RC — radiografische maaiers. Bekijk specificaties en toepassingen bij Wim van Breda in Geldermalsen.,https://www.wimvanbreda.nl/machine/as-motor-1000-ovis-rc/,AS-Motor 1000 OVIS RC | Wim van Breda,AS-Motor 1000 OVIS RC — radiografische maaiers. Bekijk specificaties en toepassingen bij Wim van Breda in Geldermalsen.,,"index,follow","Product,BreadcrumbList",,,"rental-only: niet op /machines/-overzicht, wel eigen detailpagina; geen foto beschikbaar"
/machine/as-motor-940-sherpa-4wd/,machine,as-motor-940-sherpa-4wd,AS-Motor 940 Sherpa 4WD ruwterrein zitmaaier,AS-Motor 940 Sherpa 4WD ruwterrein zitmaaier | Wim van Breda,AS-Motor 940 Sherpa 4WD ruwterrein zitmaaier — ruwterreinmaaiers. Bekijk specificaties en toepassingen bij Wim van Breda in Geldermalsen.,https://www.wimvanbreda.nl/machine/as-motor-940-sherpa-4wd/,AS-Motor 940 Sherpa 4WD ruwterrein zitmaaier | Wim van Breda,AS-Motor 940 Sherpa 4WD ruwterrein zitmaaier — ruwterreinmaaiers. Bekijk specificaties en toepassingen bij Wim van Breda in Geldermalsen.,,"index,follow","Product,BreadcrumbList",,,"rental-only: niet op /machines/-overzicht, wel eigen detailpagina; geen foto beschikbaar"
/machine/herder-stmk110-bosbouwmaaier/,machine,herder-stmk110-bosbouwmaaier,Herder STMK110 bosbouwmaaier,Herder STMK110 bosbouwmaaier | Wim van Breda,Herder STMK110 bosbouwmaaier — bosbouwmaaiers. Bekijk specificaties en toepassingen bij Wim van Breda in Geldermalsen.,https://www.wimvanbreda.nl/machine/herder-stmk110-bosbouwmaaier/,Herder STMK110 bosbouwmaaier | Wim van Breda,Herder STMK110 bosbouwmaaier — bosbouwmaaiers. Bekijk specificaties en toepassingen bij Wim van Breda in Geldermalsen.,,"index,follow","Product,BreadcrumbList",,,"rental-only: niet op /machines/-overzicht, wel eigen detailpagina; geen foto beschikbaar"
/machine/herder-fermex-sct-410h-stobbenfrees/,machine,herder-fermex-sct-410h-stobbenfrees,Fermex SCW-410H stobbenfrees,Fermex SCW-410H stobbenfrees | Wim van Breda,Fermex SCW-410H stobbenfrees — stobbenfrezen. Bekijk specificaties en toepassingen bij Wim van Breda in Geldermalsen.,https://www.wimvanbreda.nl/machine/herder-fermex-sct-410h-stobbenfrees/,Fermex SCW-410H stobbenfrees | Wim van Breda,Fermex SCW-410H stobbenfrees — stobbenfrezen. Bekijk specificaties en toepassingen bij Wim van Breda in Geldermalsen.,,"index,follow","Product,BreadcrumbList",,,"rental-only: niet op /machines/-overzicht, wel eigen detailpagina; geen foto beschikbaar"
/machine/as-motor-yak-1040-4wd/,machine,as-motor-yak-1040-4wd,AS-Motor 1040 YAK 4WD ruwterrein zitmaaier,AS-Motor 1040 YAK 4WD ruwterrein zitmaaier | Wim van Breda,AS-Motor 1040 YAK 4WD ruwterrein zitmaaier — tuin- en parkmachines. Bekijk specificaties en toepassingen bij Wim van Breda in Geldermalsen.,https://www.wimvanbreda.nl/machine/as-motor-yak-1040-4wd/,AS-Motor 1040 YAK 4WD ruwterrein zitmaaier | Wim van Breda,AS-Motor 1040 YAK 4WD ruwterrein zitmaaier — tuin- en parkmachines. Bekijk specificaties en toepassingen bij Wim van Breda in Geldermalsen.,assets/machines/as-motor-yak-1040-4wd/as-motor-yak-1040-4wd-1.jpg,"index,follow","Product,BreadcrumbList",assets/machines/as-motor-yak-1040-4wd/as-motor-yak-1040-4wd-1.jpg,,
/machine/as-motor-940-sherpa-4wd-rc/,machine,as-motor-940-sherpa-4wd-rc,AS-Motor 940 Sherpa 4WD RC,AS-Motor 940 Sherpa 4WD RC | Wim van Breda,"'s Werelds eerste zitmaaier met afstandsbediening, hydrostatische 4WD-aandrijving, geschikt voor hellingen tot 33 graden.",https://www.wimvanbreda.nl/machine/as-motor-940-sherpa-4wd-rc/,AS-Motor 940 Sherpa 4WD RC | Wim van Breda,"'s Werelds eerste zitmaaier met afstandsbediening, hydrostatische 4WD-aandrijving, geschikt voor hellingen tot 33 graden.",assets/machines/as-motor-940-sherpa-4wd-rc/as-motor-940-sherpa-4wd-rc-1.jpg,"index,follow","Product,BreadcrumbList",assets/machines/as-motor-940-sherpa-4wd-rc/as-motor-940-sherpa-4wd-rc-1.jpg,,
/machine/as-motor-940-sherpa-4wd-xl-loncin/,machine,as-motor-940-sherpa-4wd-xl-loncin,AS-Motor 940 Sherpa 4WD XL Loncin,AS-Motor 940 Sherpa 4WD XL Loncin | Wim van Breda,"Hooggras-zitmaaier met permanente 4WD, Loncin-motor (21,2 pk) en XL-banden voor maximale stabiliteit op hellingen.",https://www.wimvanbreda.nl/machine/as-motor-940-sherpa-4wd-xl-loncin/,AS-Motor 940 Sherpa 4WD XL Loncin | Wim van Breda,"Hooggras-zitmaaier met permanente 4WD, Loncin-motor (21,2 pk) en XL-banden voor maximale stabiliteit op hellingen.",assets/machines/as-motor-940-sherpa-4wd-xl-loncin/as-motor-940-sherpa-4wd-xl-loncin-1.jpg,"index,follow","Product,BreadcrumbList",assets/machines/as-motor-940-sherpa-4wd-xl-loncin/as-motor-940-sherpa-4wd-xl-loncin-1.jpg,,
/machine/as-motor-940-sherpa-4wd-xl-bens/,machine,as-motor-940-sherpa-4wd-xl-bens,AS-Motor 940 Sherpa 4WD XL B&S,AS-Motor 940 Sherpa 4WD XL B&S | Wim van Breda,AS-Motor 940 Sherpa 4WD XL B&S — tuin- en parkmachines. Bekijk specificaties en toepassingen bij Wim van Breda in Geldermalsen.,https://www.wimvanbreda.nl/machine/as-motor-940-sherpa-4wd-xl-bens/,AS-Motor 940 Sherpa 4WD XL B&S | Wim van Breda,AS-Motor 940 Sherpa 4WD XL B&S — tuin- en parkmachines. Bekijk specificaties en toepassingen bij Wim van Breda in Geldermalsen.,assets/machines/as-motor-940-sherpa-4wd-xl-bens/as-motor-940-sherpa-4wd-xl-bens-1.jpg,"index,follow","Product,BreadcrumbList",assets/machines/as-motor-940-sherpa-4wd-xl-bens/as-motor-940-sherpa-4wd-xl-bens-1.jpg,,
/machine/as-motor-940-sherpa-4wd-loncin/,machine,as-motor-940-sherpa-4wd-loncin,AS-Motor 940 Sherpa 4WD Loncin,AS-Motor 940 Sherpa 4WD Loncin | Wim van Breda,"Hooggras-zitmaaier met permanente vierwielaandrijving en Loncin-motor, mulcht begroeiing tot 1,5 meter hoog.",https://www.wimvanbreda.nl/machine/as-motor-940-sherpa-4wd-loncin/,AS-Motor 940 Sherpa 4WD Loncin | Wim van Breda,"Hooggras-zitmaaier met permanente vierwielaandrijving en Loncin-motor, mulcht begroeiing tot 1,5 meter hoog.",assets/machines/as-motor-940-sherpa-4wd-loncin/as-motor-940-sherpa-4wd-loncin-1.jpg,"index,follow","Product,BreadcrumbList",assets/machines/as-motor-940-sherpa-4wd-loncin/as-motor-940-sherpa-4wd-loncin-1.jpg,,
/machine/as-motor-920-sherpa-e/,machine,as-motor-920-sherpa-e,AS-Motor 920 Sherpa E,AS-Motor 920 Sherpa E | Wim van Breda,"Eerste professionele ruwterrein-zitmaaier met verwisselbaar FusionCore accusysteem, 100% elektrisch, maaicapaciteit tot 9.900 m²/u.",https://www.wimvanbreda.nl/machine/as-motor-920-sherpa-e/,AS-Motor 920 Sherpa E | Wim van Breda,"Eerste professionele ruwterrein-zitmaaier met verwisselbaar FusionCore accusysteem, 100% elektrisch, maaicapaciteit tot 9.900 m²/u.",assets/machines/as-motor-920-sherpa-e/as-motor-920-sherpa-e-1.jpg,"index,follow","Product,BreadcrumbList",assets/machines/as-motor-920-sherpa-e/as-motor-920-sherpa-e-1.jpg,,
/machine/as-motor-940-sherpa-4wd-bens/,machine,as-motor-940-sherpa-4wd-bens,AS-Motor 940 Sherpa 4WD B&S,AS-Motor 940 Sherpa 4WD B&S | Wim van Breda,"Hooggras-zitmaaier met permanente 4WD en krachtige Briggs & Stratton motor (27 pk), mulcht begroeiing tot 1,5 meter hoog.",https://www.wimvanbreda.nl/machine/as-motor-940-sherpa-4wd-bens/,AS-Motor 940 Sherpa 4WD B&S | Wim van Breda,"Hooggras-zitmaaier met permanente 4WD en krachtige Briggs & Stratton motor (27 pk), mulcht begroeiing tot 1,5 meter hoog.",assets/machines/as-motor-940-sherpa-4wd-bens/as-motor-940-sherpa-4wd-bens-1.jpg,"index,follow","Product,BreadcrumbList",assets/machines/as-motor-940-sherpa-4wd-bens/as-motor-940-sherpa-4wd-bens-1.jpg,,
/machine/as-motor-1040-yak-4wd-xl/,machine,as-motor-1040-yak-4wd-xl,AS-Motor 1040 YAK 4WD XL,AS-Motor 1040 YAK 4WD XL | Wim van Breda,AS-Motor 1040 YAK 4WD XL — tuin- en parkmachines. Bekijk specificaties en toepassingen bij Wim van Breda in Geldermalsen.,https://www.wimvanbreda.nl/machine/as-motor-1040-yak-4wd-xl/,AS-Motor 1040 YAK 4WD XL | Wim van Breda,AS-Motor 1040 YAK 4WD XL — tuin- en parkmachines. Bekijk specificaties en toepassingen bij Wim van Breda in Geldermalsen.,assets/machines/as-motor-1040-yak-4wd-xl/as-motor-1040-yak-4wd-xl-1.jpg,"index,follow","Product,BreadcrumbList",assets/machines/as-motor-1040-yak-4wd-xl/as-motor-1040-yak-4wd-xl-1.jpg,,
/machine/reform-motech-m2-14-l-motormaaier/,machine,reform-motech-m2-14-l-motormaaier,Reform Motech M2.14 L motormaaier,Reform Motech M2.14 L motormaaier | Wim van Breda,"Krachtige bergmaaier met 14 pk MAG EX40 motor, MotionControl-koppeling en stuurremkoppelingen voor steile hellingen.",https://www.wimvanbreda.nl/machine/reform-motech-m2-14-l-motormaaier/,Reform Motech M2.14 L motormaaier | Wim van Breda,"Krachtige bergmaaier met 14 pk MAG EX40 motor, MotionControl-koppeling en stuurremkoppelingen voor steile hellingen.",assets/machines/reform-motech-m2-14-l-motormaaier/reform-motech-m2-14-l-motormaaier-1.jpg,"index,follow","Product,BreadcrumbList",assets/machines/reform-motech-m2-14-l-motormaaier/reform-motech-m2-14-l-motormaaier-1.jpg,,
/machine/reform-motech-m2-09-d-motormaaier/,machine,reform-motech-m2-09-d-motormaaier,Reform Motech M2.09 D motormaaier,Reform Motech M2.09 D motormaaier | Wim van Breda,Lichtgewicht eenasser (108 kg) met 9 pk MAG EX27 motor voor bergachtig en geaccidenteerd terrein. Bekijk specificaties en toepassingen bij Wim van Breda in Geldermalsen.,https://www.wimvanbreda.nl/machine/reform-motech-m2-09-d-motormaaier/,Reform Motech M2.09 D motormaaier | Wim van Breda,Lichtgewicht eenasser (108 kg) met 9 pk MAG EX27 motor voor bergachtig en geaccidenteerd terrein. Bekijk specificaties en toepassingen bij Wim van Breda in Geldermalsen.,assets/machines/reform-motech-m2-09-d-motormaaier/reform-motech-m2-09-d-motormaaier-1.jpg,"index,follow","Product,BreadcrumbList",assets/machines/reform-motech-m2-09-d-motormaaier/reform-motech-m2-09-d-motormaaier-1.jpg,,
/machine/votex-roadmaster-02s-klepelmaaier/,machine,votex-roadmaster-02s-klepelmaaier,Votex Roadmaster 02S klepelmaaier,Votex Roadmaster 02S klepelmaaier | Wim van Breda,"Zwaar gebouwde klepelmaaier voor bermen en taluds, hydraulische sideshift 60 cm, gebalanceerde rotoras voor trillingsvrije loop.",https://www.wimvanbreda.nl/machine/votex-roadmaster-02s-klepelmaaier/,Votex Roadmaster 02S klepelmaaier | Wim van Breda,"Zwaar gebouwde klepelmaaier voor bermen en taluds, hydraulische sideshift 60 cm, gebalanceerde rotoras voor trillingsvrije loop.",assets/machines/votex-roadmaster-02s-klepelmaaier/votex-roadmaster-02s-klepelmaaier-1.jpg,"index,follow","Product,BreadcrumbList",assets/machines/votex-roadmaster-02s-klepelmaaier/votex-roadmaster-02s-klepelmaaier-1.jpg,,
/machine/votex-jumbo-flex-klepelmaaier/,machine,votex-jumbo-flex-klepelmaaier,Votex Jumbo Flex klepelmaaier,Votex Jumbo Flex klepelmaaier | Wim van Breda,"Flexibele klepelmaaier met kantelbaar hoofdframe voor hoger gelegen taluds en ondiepe sloten, met SWING-ON-LINE® systeem.",https://www.wimvanbreda.nl/machine/votex-jumbo-flex-klepelmaaier/,Votex Jumbo Flex klepelmaaier | Wim van Breda,"Flexibele klepelmaaier met kantelbaar hoofdframe voor hoger gelegen taluds en ondiepe sloten, met SWING-ON-LINE® systeem.",assets/machines/votex-jumbo-flex-klepelmaaier/votex-jumbo-flex-klepelmaaier-1.jpg,"index,follow","Product,BreadcrumbList",assets/machines/votex-jumbo-flex-klepelmaaier/votex-jumbo-flex-klepelmaaier-1.jpg,,
/machine/votex-maximus-klepelmaaier/,machine,votex-maximus-klepelmaaier,Votex Maximus klepelmaaier,Votex Maximus klepelmaaier | Wim van Breda,"Nieuwste generatie zijklepelmaaier met vernieuwde maaikap, versterkte rotoras en geïntegreerde lagers, vijf werkbreedtes van 120-260 cm.",https://www.wimvanbreda.nl/machine/votex-maximus-klepelmaaier/,Votex Maximus klepelmaaier | Wim van Breda,"Nieuwste generatie zijklepelmaaier met vernieuwde maaikap, versterkte rotoras en geïntegreerde lagers, vijf werkbreedtes van 120-260 cm.",assets/machines/votex-maximus-klepelmaaier/votex-maximus-klepelmaaier-1.jpg,"index,follow","Product,BreadcrumbList",assets/machines/votex-maximus-klepelmaaier/votex-maximus-klepelmaaier-1.jpg,,
/machine/votex-jumbo-frontline-klepelmaaier/,machine,votex-jumbo-frontline-klepelmaaier,Votex Jumbo Frontline klepelmaaier,Votex Jumbo Frontline klepelmaaier | Wim van Breda,"Compacte zijklepelmaaier voor montage in de fronthef, met geïntegreerde side-shift en botsbeveiliging in het frontframe.",https://www.wimvanbreda.nl/machine/votex-jumbo-frontline-klepelmaaier/,Votex Jumbo Frontline klepelmaaier | Wim van Breda,"Compacte zijklepelmaaier voor montage in de fronthef, met geïntegreerde side-shift en botsbeveiliging in het frontframe.",assets/machines/votex-jumbo-frontline-klepelmaaier/votex-jumbo-frontline-klepelmaaier-1.jpg,"index,follow","Product,BreadcrumbList",assets/machines/votex-jumbo-frontline-klepelmaaier/votex-jumbo-frontline-klepelmaaier-1.jpg,,
/machine/votex-roadflex-klepelmaaier/,machine,votex-roadflex-klepelmaaier,Votex Roadflex klepelmaaier,Votex Roadflex klepelmaaier | Wim van Breda,Veelzijdige klepelmaaier met sideshift tot bijna 250 cm: zowel vlakmaaier direct achter de trekker als zijklepelmaaier.,https://www.wimvanbreda.nl/machine/votex-roadflex-klepelmaaier/,Votex Roadflex klepelmaaier | Wim van Breda,Veelzijdige klepelmaaier met sideshift tot bijna 250 cm: zowel vlakmaaier direct achter de trekker als zijklepelmaaier.,assets/machines/votex-roadflex-klepelmaaier/votex-roadflex-klepelmaaier-1.jpg,"index,follow","Product,BreadcrumbList",assets/machines/votex-roadflex-klepelmaaier/votex-roadflex-klepelmaaier-1.jpg,,
/machine/votex-b10-pto-bladblazer/,machine,votex-b10-pto-bladblazer,Votex B10 PTO bladblazer,Votex B10 PTO bladblazer | Wim van Breda,"Compacte PTO-bladblazer voor mini- en compacttractoren vanaf 10 pk, gewicht slechts 67 kg, geschikt voor kunstgrasvelden.",https://www.wimvanbreda.nl/machine/votex-b10-pto-bladblazer/,Votex B10 PTO bladblazer | Wim van Breda,"Compacte PTO-bladblazer voor mini- en compacttractoren vanaf 10 pk, gewicht slechts 67 kg, geschikt voor kunstgrasvelden.",assets/machines/votex-b10-pto-bladblazer/votex-b10-pto-bladblazer-1.jpg,"index,follow","Product,BreadcrumbList",assets/machines/votex-b10-pto-bladblazer/votex-b10-pto-bladblazer-1.jpg,,
/machine/votex-jumbo-flex-modulair-klepelmaaier/,machine,votex-jumbo-flex-modulair-klepelmaaier,Votex Jumbo Flex Modulair klepelmaaier,Votex Jumbo Flex Modulair klepelmaaier | Wim van Breda,"Modulaire klepelmaaier met kantelbaar draagjuk voor slootonderhoud, ondiepe greppels en hoger gelegen percelen.",https://www.wimvanbreda.nl/machine/votex-jumbo-flex-modulair-klepelmaaier/,Votex Jumbo Flex Modulair klepelmaaier | Wim van Breda,"Modulaire klepelmaaier met kantelbaar draagjuk voor slootonderhoud, ondiepe greppels en hoger gelegen percelen.",assets/machines/votex-jumbo-flex-modulair-klepelmaaier/votex-jumbo-flex-modulair-klepelmaaier-1.jpg,"index,follow","Product,BreadcrumbList",assets/machines/votex-jumbo-flex-modulair-klepelmaaier/votex-jumbo-flex-modulair-klepelmaaier-1.jpg,,
/machine/votex-jumbo-frontline-modulair-klepelmaaier-vijzelbak/,machine,votex-jumbo-frontline-modulair-klepelmaaier-vijzelbak,Votex Jumbo Frontline Modulair klepelmaaier vijzelbak,Votex Jumbo Frontline Modulair klepelmaaier vijzelbak,"Compacte frontgemonteerde klepelmaaier met keuze uit vijzel, afvoerband of achteruitworp voor directe maaiselverwerking.",https://www.wimvanbreda.nl/machine/votex-jumbo-frontline-modulair-klepelmaaier-vijzelbak/,Votex Jumbo Frontline Modulair klepelmaaier vijzelbak,"Compacte frontgemonteerde klepelmaaier met keuze uit vijzel, afvoerband of achteruitworp voor directe maaiselverwerking.",,"index,follow","Product,BreadcrumbList",,,geen foto beschikbaar
/machine/votex-jumbo-front-klepelmaaier/,machine,votex-jumbo-front-klepelmaaier,Votex Jumbo Front klepelmaaier,Votex Jumbo Front klepelmaaier | Wim van Breda,Votex Jumbo Front klepelmaaier — klepelmaaiers. Bekijk specificaties en toepassingen bij Wim van Breda in Geldermalsen.,https://www.wimvanbreda.nl/machine/votex-jumbo-front-klepelmaaier/,Votex Jumbo Front klepelmaaier | Wim van Breda,Votex Jumbo Front klepelmaaier — klepelmaaiers. Bekijk specificaties en toepassingen bij Wim van Breda in Geldermalsen.,,"index,follow","Product,BreadcrumbList",,,geen foto beschikbaar
/machine/votex-roadmaster-klepelmaaier-07/,machine,votex-roadmaster-klepelmaaier-07,Votex Roadmaster klepelmaaier 07,Votex Roadmaster klepelmaaier 07 | Wim van Breda,Votex Roadmaster klepelmaaier 07: Professionele klepelmaaier met verzwaarde aandrijflijn en optionele frontgetrokken bok voor sublieme bodemvolging.,https://www.wimvanbreda.nl/machine/votex-roadmaster-klepelmaaier-07/,Votex Roadmaster klepelmaaier 07 | Wim van Breda,Votex Roadmaster klepelmaaier 07: Professionele klepelmaaier met verzwaarde aandrijflijn en optionele frontgetrokken bok voor sublieme bodemvolging.,,"index,follow","Product,BreadcrumbList",,,geen foto beschikbaar
/machine/votex-roadmaster-klepelmaaier/,machine,votex-roadmaster-klepelmaaier,Votex Roadmaster klepelmaaier,Votex Roadmaster klepelmaaier | Wim van Breda,Votex Roadmaster klepelmaaier — klepelmaaiers. Bekijk specificaties en toepassingen bij Wim van Breda in Geldermalsen.,https://www.wimvanbreda.nl/machine/votex-roadmaster-klepelmaaier/,Votex Roadmaster klepelmaaier | Wim van Breda,Votex Roadmaster klepelmaaier — klepelmaaiers. Bekijk specificaties en toepassingen bij Wim van Breda in Geldermalsen.,,"index,follow","Product,BreadcrumbList",,,geen foto beschikbaar
/machine/votex-hillmaster-klepelmaaier/,machine,votex-hillmaster-klepelmaaier,Votex Hillmaster klepelmaaier,Votex Hillmaster klepelmaaier | Wim van Breda,Lichtgewicht klepelmaaier met vaste 3-puntsbok (geen side-shift) voor maximale stabiliteit op steile taluds.,https://www.wimvanbreda.nl/machine/votex-hillmaster-klepelmaaier/,Votex Hillmaster klepelmaaier | Wim van Breda,Lichtgewicht klepelmaaier met vaste 3-puntsbok (geen side-shift) voor maximale stabiliteit op steile taluds.,assets/machines/votex-hillmaster-klepelmaaier/votex-hillmaster-klepelmaaier-1.jpg,"index,follow","Product,BreadcrumbList",assets/machines/votex-hillmaster-klepelmaaier/votex-hillmaster-klepelmaaier-1.jpg,,
/machine/votex-r-max-klepelmaaier/,machine,votex-r-max-klepelmaaier,Votex R-Max klepelmaaier,Votex R-Max klepelmaaier | Wim van Breda,Topmodel vlakklepelmaaier met sideshift van 70 cm en tot 15% meer capaciteit dankzij herontworpen maaikap.,https://www.wimvanbreda.nl/machine/votex-r-max-klepelmaaier/,Votex R-Max klepelmaaier | Wim van Breda,Topmodel vlakklepelmaaier met sideshift van 70 cm en tot 15% meer capaciteit dankzij herontworpen maaikap.,assets/machines/votex-r-max-klepelmaaier/votex-r-max-klepelmaaier-1.jpg,"index,follow","Product,BreadcrumbList",assets/machines/votex-r-max-klepelmaaier/votex-r-max-klepelmaaier-1.jpg,,
/machine/votex-roadmaster-07-klepelmaaier/,machine,votex-roadmaster-07-klepelmaaier,Votex Roadmaster 07 klepelmaaier,Votex Roadmaster 07 klepelmaaier | Wim van Breda,Votex Roadmaster 07 klepelmaaier: Professionele klepelmaaier met verzwaarde aandrijflijn en optionele frontgetrokken bok voor sublieme bodemvolging.,https://www.wimvanbreda.nl/machine/votex-roadmaster-07-klepelmaaier/,Votex Roadmaster 07 klepelmaaier | Wim van Breda,Votex Roadmaster 07 klepelmaaier: Professionele klepelmaaier met verzwaarde aandrijflijn en optionele frontgetrokken bok voor sublieme bodemvolging.,assets/machines/votex-roadmaster-07-klepelmaaier/votex-roadmaster-07-klepelmaaier-1.webp,"index,follow","Product,BreadcrumbList",assets/machines/votex-roadmaster-07-klepelmaaier/votex-roadmaster-07-klepelmaaier-1.webp,,
/machine/votex-rml-klepelmaaier/,machine,votex-rml-klepelmaaier,Votex RML klepelmaaier,Votex RML klepelmaaier | Wim van Breda,"Flexibele klepelmaaier die eenvoudig kan worden omgebouwd van front- naar achteraanbouw, ook in verstek monteerbaar.",https://www.wimvanbreda.nl/machine/votex-rml-klepelmaaier/,Votex RML klepelmaaier | Wim van Breda,"Flexibele klepelmaaier die eenvoudig kan worden omgebouwd van front- naar achteraanbouw, ook in verstek monteerbaar.",assets/machines/votex-rml-klepelmaaier/votex-rml-klepelmaaier-1.jpg,"index,follow","Product,BreadcrumbList",assets/machines/votex-rml-klepelmaaier/votex-rml-klepelmaaier-1.jpg,,
/machine/massey-ferguson-5s-tractor/,machine,massey-ferguson-5s-tractor,Massey Ferguson 5S tractor,Massey Ferguson 5S tractor | Wim van Breda,Wendbare tractorserie (105-145 pk) met draaicirkel van slechts 4 meter en uitstekend zicht dankzij schuin aflopende motorkap.,https://www.wimvanbreda.nl/machine/massey-ferguson-5s-tractor/,Massey Ferguson 5S tractor | Wim van Breda,Wendbare tractorserie (105-145 pk) met draaicirkel van slechts 4 meter en uitstekend zicht dankzij schuin aflopende motorkap.,assets/machines/massey-ferguson-5s-tractor/massey-ferguson-5s-tractor-1.jpg,"index,follow","Product,BreadcrumbList",assets/machines/massey-ferguson-5s-tractor/massey-ferguson-5s-tractor-1.jpg,,
/machine/massey-ferguson-7s-tractor/,machine,massey-ferguson-7s-tractor,Massey Ferguson 7S tractor,Massey Ferguson 7S tractor | Wim van Breda,Krachtige allround tractorserie (155-210 pk) met AGCO Power 6-cilindermotoren en Dyna-6 of Dyna-VT transmissie.,https://www.wimvanbreda.nl/machine/massey-ferguson-7s-tractor/,Massey Ferguson 7S tractor | Wim van Breda,Krachtige allround tractorserie (155-210 pk) met AGCO Power 6-cilindermotoren en Dyna-6 of Dyna-VT transmissie.,assets/machines/massey-ferguson-7s-tractor/massey-ferguson-7s-tractor-1.jpg,"index,follow","Product,BreadcrumbList",assets/machines/massey-ferguson-7s-tractor/massey-ferguson-7s-tractor-1.jpg,,
/machine/massey-ferguson-6s-tractor/,machine,massey-ferguson-6s-tractor,Massey Ferguson 6S tractor,Massey Ferguson 6S tractor | Wim van Breda,Wendbare viercilinder tractorserie (145-180 pk) met prestaties van een zescilinder dankzij kortere wielbasis.,https://www.wimvanbreda.nl/machine/massey-ferguson-6s-tractor/,Massey Ferguson 6S tractor | Wim van Breda,Wendbare viercilinder tractorserie (145-180 pk) met prestaties van een zescilinder dankzij kortere wielbasis.,assets/machines/massey-ferguson-6s-tractor/massey-ferguson-6s-tractor-1.jpg,"index,follow","Product,BreadcrumbList",assets/machines/massey-ferguson-6s-tractor/massey-ferguson-6s-tractor-1.jpg,,
/machine/massey-ferguson-8700s-tractor/,machine,massey-ferguson-8700s-tractor,Massey Ferguson 8700S tractor,Massey Ferguson 8700S tractor | Wim van Breda,"Krachtige tractor voor zwaar agrarisch werk en loonwerk, vermogensbereik 270-400 pk, hefvermogen tot 12.000 kg.",https://www.wimvanbreda.nl/machine/massey-ferguson-8700s-tractor/,Massey Ferguson 8700S tractor | Wim van Breda,"Krachtige tractor voor zwaar agrarisch werk en loonwerk, vermogensbereik 270-400 pk, hefvermogen tot 12.000 kg.",assets/machines/massey-ferguson-8700s-tractor/massey-ferguson-8700s-tractor-1.png,"index,follow","Product,BreadcrumbList",assets/machines/massey-ferguson-8700s-tractor/massey-ferguson-8700s-tractor-1.png,,
/machine/massey-ferguson-8s-tractor/,machine,massey-ferguson-8s-tractor,Massey Ferguson 8S tractor,Massey Ferguson 8S tractor | Wim van Breda,"Tractorserie (205-285 pk) met keuze uit Dyna E-Power, Dyna-VT en Dyna-7 transmissies, voldoet aan Mother Regulation 2.",https://www.wimvanbreda.nl/machine/massey-ferguson-8s-tractor/,Massey Ferguson 8S tractor | Wim van Breda,"Tractorserie (205-285 pk) met keuze uit Dyna E-Power, Dyna-VT en Dyna-7 transmissies, voldoet aan Mother Regulation 2.",assets/machines/massey-ferguson-8s-tractor/massey-ferguson-8s-tractor-1.png,"index,follow","Product,BreadcrumbList",assets/machines/massey-ferguson-8s-tractor/massey-ferguson-8s-tractor-1.png,,
/machine/votex-landmaster-klepelmaaier/,machine,votex-landmaster-klepelmaaier,Votex Landmaster klepelmaaier,Votex Landmaster klepelmaaier | Wim van Breda,"Zware klepelmaaier met 1,3 kg klepels voor groenbemesters en maïsstoppels, met optionele gepatenteerde frontgetrokken bok.",https://www.wimvanbreda.nl/machine/votex-landmaster-klepelmaaier/,Votex Landmaster klepelmaaier | Wim van Breda,"Zware klepelmaaier met 1,3 kg klepels voor groenbemesters en maïsstoppels, met optionele gepatenteerde frontgetrokken bok.",assets/machines/votex-landmaster-klepelmaaier/votex-landmaster-klepelmaaier-1.jpg,"index,follow","Product,BreadcrumbList",assets/machines/votex-landmaster-klepelmaaier/votex-landmaster-klepelmaaier-1.jpg,,
/machine/votex-jumbo-klepelmaaier/,machine,votex-jumbo-klepelmaaier,Votex Jumbo klepelmaaier,Votex Jumbo klepelmaaier | Wim van Breda,"Onverwoestbare zijklepelmaaier voor loonbedrijven, gemeenten en waterschappen, met hydraulische verstelmogelijkheden en meervoudige beveiliging.",https://www.wimvanbreda.nl/machine/votex-jumbo-klepelmaaier/,Votex Jumbo klepelmaaier | Wim van Breda,"Onverwoestbare zijklepelmaaier voor loonbedrijven, gemeenten en waterschappen, met hydraulische verstelmogelijkheden en meervoudige beveiliging.",assets/machines/votex-jumbo-klepelmaaier/votex-jumbo-klepelmaaier-1.jpg,"index,follow","Product,BreadcrumbList",assets/machines/votex-jumbo-klepelmaaier/votex-jumbo-klepelmaaier-1.jpg,,
/machine/reform-motech-rm7-maaier/,machine,reform-motech-rm7-maaier,Reform Motech RM7 maaier,Reform Motech RM7 maaier | Wim van Breda,"Een van de lichtste motormaaiers ter wereld (85 kg), extreem compact met laag zwaartepunt voor de steilste hellingen.",https://www.wimvanbreda.nl/machine/reform-motech-rm7-maaier/,Reform Motech RM7 maaier | Wim van Breda,"Een van de lichtste motormaaiers ter wereld (85 kg), extreem compact met laag zwaartepunt voor de steilste hellingen.",assets/machines/reform-motech-rm7-maaier/reform-motech-rm7-maaier-1.jpg,"index,follow","Product,BreadcrumbList",assets/machines/reform-motech-rm7-maaier/reform-motech-rm7-maaier-1.jpg,,
/occasion/as-motor-1000-ovis-radiografische-taludmaaier/,occasion,as-motor-1000-ovis-radiografische-taludmaaier,AS-Motor 1000 Ovis Radiografische Taludmaaier,AS-Motor 1000 Ovis Radiografische Taludmaaier occasion,AS-Motor 1000 Ovis Radiografische Taludmaaier — tuin- en parkmachines. Bekijk specificaties en toepassingen bij Wim van Breda in Geldermalsen.,https://www.wimvanbreda.nl/occasion/as-motor-1000-ovis-radiografische-taludmaaier/,AS-Motor 1000 Ovis Radiografische Taludmaaier occasion,AS-Motor 1000 Ovis Radiografische Taludmaaier — tuin- en parkmachines. Bekijk specificaties en toepassingen bij Wim van Breda in Geldermalsen.,assets/occasions/as-motor-1000-ovis-radiografische-taludmaaier/as-motor-1000-ovis-1.jpg,"index,follow","Product,BreadcrumbList",assets/occasions/as-motor-1000-ovis-radiografische-taludmaaier/as-motor-1000-ovis-1.jpg,,
/occasion/votex-roadmaster-1902s-klepelmaaier/,occasion,votex-roadmaster-1902s-klepelmaaier,Votex Roadmaster 1902S klepelmaaier,Votex Roadmaster 1902S klepelmaaier occasion | Wim van Breda,Votex Roadmaster 1902S klepelmaaier — klepelmaaiers. Bekijk specificaties en toepassingen bij Wim van Breda in Geldermalsen.,https://www.wimvanbreda.nl/occasion/votex-roadmaster-1902s-klepelmaaier/,Votex Roadmaster 1902S klepelmaaier occasion | Wim van Breda,Votex Roadmaster 1902S klepelmaaier — klepelmaaiers. Bekijk specificaties en toepassingen bij Wim van Breda in Geldermalsen.,assets/occasions/votex-roadmaster-1902s-klepelmaaier/votex-roadmaster-1902s-1.jpg,"index,follow","Product,BreadcrumbList",assets/occasions/votex-roadmaster-1902s-klepelmaaier/votex-roadmaster-1902s-1.jpg,,
/occasion/greentec-rc-162-heggensnoeier/,occasion,greentec-rc-162-heggensnoeier,GreenTec RC 162 Heggensnoeier,GreenTec RC 162 Heggensnoeier occasion | Wim van Breda,GreenTec RC 162 Heggensnoeier — heggenslagmaaiers. Bekijk specificaties en toepassingen bij Wim van Breda in Geldermalsen.,https://www.wimvanbreda.nl/occasion/greentec-rc-162-heggensnoeier/,GreenTec RC 162 Heggensnoeier occasion | Wim van Breda,GreenTec RC 162 Heggensnoeier — heggenslagmaaiers. Bekijk specificaties en toepassingen bij Wim van Breda in Geldermalsen.,assets/occasions/greentec-rc-162-heggensnoeier/greentec-rc162-1.jpg,"index,follow","Product,BreadcrumbList",assets/occasions/greentec-rc-162-heggensnoeier/greentec-rc162-1.jpg,,
/occasion/omarv-ter-140-maai-laad-combinatie/,occasion,omarv-ter-140-maai-laad-combinatie,Omarv TER 140 maai-laad combinatie,Omarv TER 140 maai-laad combinatie occasion | Wim van Breda,Omarv TER 140 maai-laad combinatie — maai-laadcombinaties. Bekijk specificaties en toepassingen bij Wim van Breda in Geldermalsen.,https://www.wimvanbreda.nl/occasion/omarv-ter-140-maai-laad-combinatie/,Omarv TER 140 maai-laad combinatie occasion | Wim van Breda,Omarv TER 140 maai-laad combinatie — maai-laadcombinaties. Bekijk specificaties en toepassingen bij Wim van Breda in Geldermalsen.,assets/occasions/omarv-ter-140-maai-laad-combinatie/omarv-ter-140-1.jpg,"index,follow","Product,BreadcrumbList",assets/occasions/omarv-ter-140-maai-laad-combinatie/omarv-ter-140-1.jpg,,
/occasion/massey-ferguson-5s-145/,occasion,massey-ferguson-5s-145,Massey Ferguson 5S.145,Massey Ferguson 5S.145 occasion | Wim van Breda,Massey Ferguson 5S.145 — tractoren. Bekijk specificaties en toepassingen bij Wim van Breda in Geldermalsen.,https://www.wimvanbreda.nl/occasion/massey-ferguson-5s-145/,Massey Ferguson 5S.145 occasion | Wim van Breda,Massey Ferguson 5S.145 — tractoren. Bekijk specificaties en toepassingen bij Wim van Breda in Geldermalsen.,assets/occasions/massey-ferguson-5s-145/massey-ferguson-5s145-1.jpg,"index,follow","Product,BreadcrumbList",assets/occasions/massey-ferguson-5s-145/massey-ferguson-5s145-1.jpg,,
/occasion/massey-ferguson-5s-115/,occasion,massey-ferguson-5s-115,Massey Ferguson 5S.115,Massey Ferguson 5S.115 occasion | Wim van Breda,Massey Ferguson 5S.115 — tractoren. Bekijk specificaties en toepassingen bij Wim van Breda in Geldermalsen.,https://www.wimvanbreda.nl/occasion/massey-ferguson-5s-115/,Massey Ferguson 5S.115 occasion | Wim van Breda,Massey Ferguson 5S.115 — tractoren. Bekijk specificaties en toepassingen bij Wim van Breda in Geldermalsen.,assets/occasions/massey-ferguson-5s-115/massey-ferguson-5s115-1.jpg,"index,follow","Product,BreadcrumbList",assets/occasions/massey-ferguson-5s-115/massey-ferguson-5s115-1.jpg,,
/occasion/votex-vt-1100-zuigwagen-occasion/,occasion,votex-vt-1100-zuigwagen-occasion,Votex VT 1100 zuigwagen occasion,Votex VT 1100 zuigwagen occasion | Wim van Breda,Votex VT 1100 zuigwagen occasion — zuigwagens. Bekijk specificaties en toepassingen bij Wim van Breda in Geldermalsen.,https://www.wimvanbreda.nl/occasion/votex-vt-1100-zuigwagen-occasion/,Votex VT 1100 zuigwagen occasion | Wim van Breda,Votex VT 1100 zuigwagen occasion — zuigwagens. Bekijk specificaties en toepassingen bij Wim van Breda in Geldermalsen.,assets/occasions/votex-vt-1100-zuigwagen-occasion/votex-vt1100-zuigwagen-1.png,"index,follow","Product,BreadcrumbList",assets/occasions/votex-vt-1100-zuigwagen-occasion/votex-vt1100-zuigwagen-1.png,,
/occasion/massey-ferguson-7s-190-met-herder-mbk513-lsh-occasion/,occasion,massey-ferguson-7s-190-met-herder-mbk513-lsh-occasion,Massey Ferguson 7S.190 met Herder MBK513 LSH occasion,Massey Ferguson 7S.190 met Herder MBK513 LSH occasion,Massey Ferguson 7S.190 met Herder MBK513 LSH occasion — tractoren. Bekijk specificaties en toepassingen bij Wim van Breda in Geldermalsen.,https://www.wimvanbreda.nl/occasion/massey-ferguson-7s-190-met-herder-mbk513-lsh-occasion/,Massey Ferguson 7S.190 met Herder MBK513 LSH occasion,Massey Ferguson 7S.190 met Herder MBK513 LSH occasion — tractoren. Bekijk specificaties en toepassingen bij Wim van Breda in Geldermalsen.,assets/occasions/massey-ferguson-7s-190-met-herder-mbk513-lsh-occasion/massey-ferguson-7s190-herder-mbk513lsh-1.jpg,"index,follow","Product,BreadcrumbList",assets/occasions/massey-ferguson-7s-190-met-herder-mbk513-lsh-occasion/massey-ferguson-7s190-herder-mbk513lsh-1.jpg,,
/occasion/reform-metrac-h8x/,occasion,reform-metrac-h8x,Reform Metrac H8X,Reform Metrac H8X occasion | Wim van Breda,Reform Metrac H8X — tractoren. Bekijk specificaties en toepassingen bij Wim van Breda in Geldermalsen.,https://www.wimvanbreda.nl/occasion/reform-metrac-h8x/,Reform Metrac H8X occasion | Wim van Breda,Reform Metrac H8X — tractoren. Bekijk specificaties en toepassingen bij Wim van Breda in Geldermalsen.,assets/occasions/reform-metrac-h8x/reform-metrac-h8x-1.jpg,"index,follow","Product,BreadcrumbList",assets/occasions/reform-metrac-h8x/reform-metrac-h8x-1.jpg,,
/occasion/agrimaster-xb-150-klepelmaaier/,occasion,agrimaster-xb-150-klepelmaaier,Agrimaster XB 150 klepelmaaier,Agrimaster XB 150 klepelmaaier occasion | Wim van Breda,Agrimaster XB 150 klepelmaaier — klepelmaaiers. Bekijk specificaties en toepassingen bij Wim van Breda in Geldermalsen.,https://www.wimvanbreda.nl/occasion/agrimaster-xb-150-klepelmaaier/,Agrimaster XB 150 klepelmaaier occasion | Wim van Breda,Agrimaster XB 150 klepelmaaier — klepelmaaiers. Bekijk specificaties en toepassingen bij Wim van Breda in Geldermalsen.,assets/occasions/agrimaster-xb-150-klepelmaaier/agrimaster-xb150-klepelmaaier-1.jpg,"index,follow","Product,BreadcrumbList",assets/occasions/agrimaster-xb-150-klepelmaaier/agrimaster-xb150-klepelmaaier-1.jpg,,
/occasion/votex-jumbo-frontline-190-klepelmaaier/,occasion,votex-jumbo-frontline-190-klepelmaaier,Votex Jumbo Frontline 190 klepelmaaier,Votex Jumbo Frontline 190 klepelmaaier occasion,Votex Jumbo Frontline 190 klepelmaaier — klepelmaaiers. Bekijk specificaties en toepassingen bij Wim van Breda in Geldermalsen.,https://www.wimvanbreda.nl/occasion/votex-jumbo-frontline-190-klepelmaaier/,Votex Jumbo Frontline 190 klepelmaaier occasion,Votex Jumbo Frontline 190 klepelmaaier — klepelmaaiers. Bekijk specificaties en toepassingen bij Wim van Breda in Geldermalsen.,assets/occasions/votex-jumbo-frontline-190-klepelmaaier/votex-jumbo-frontline-190-klepelmaaier-1.jpg,"index,follow","Product,BreadcrumbList",assets/occasions/votex-jumbo-frontline-190-klepelmaaier/votex-jumbo-frontline-190-klepelmaaier-1.jpg,,
/occasion/herder-mrz-550-maaikorf/,occasion,herder-mrz-550-maaikorf,Herder MRZ 550 maaikorf,Herder MRZ 550 maaikorf occasion | Wim van Breda,Herder MRZ 550 maaikorf — maaikorven. Bekijk specificaties en toepassingen bij Wim van Breda in Geldermalsen.,https://www.wimvanbreda.nl/occasion/herder-mrz-550-maaikorf/,Herder MRZ 550 maaikorf occasion | Wim van Breda,Herder MRZ 550 maaikorf — maaikorven. Bekijk specificaties en toepassingen bij Wim van Breda in Geldermalsen.,assets/occasions/herder-mrz-550-maaikorf/herder-mrz550-maaikorf-1.jpg,"index,follow","Product,BreadcrumbList",assets/occasions/herder-mrz-550-maaikorf/herder-mrz550-maaikorf-1.jpg,,
/occasion/votex-jumbo-190-klepelmaaier/,occasion,votex-jumbo-190-klepelmaaier,Votex Jumbo 190 klepelmaaier,Votex Jumbo 190 klepelmaaier occasion | Wim van Breda,Votex Jumbo 190 klepelmaaier — klepelmaaiers. Bekijk specificaties en toepassingen bij Wim van Breda in Geldermalsen.,https://www.wimvanbreda.nl/occasion/votex-jumbo-190-klepelmaaier/,Votex Jumbo 190 klepelmaaier occasion | Wim van Breda,Votex Jumbo 190 klepelmaaier — klepelmaaiers. Bekijk specificaties en toepassingen bij Wim van Breda in Geldermalsen.,assets/occasions/votex-jumbo-190-klepelmaaier/votex-jumbo-190-klepelmaaier-1.jpg,"index,follow","Product,BreadcrumbList",assets/occasions/votex-jumbo-190-klepelmaaier/votex-jumbo-190-klepelmaaier-1.jpg,,
/occasion/verlenggiek-180-cm/,occasion,verlenggiek-180-cm,Verlenggiek 180 cm,Verlenggiek 180 cm occasion | Wim van Breda,Verlenggiek 180 cm. Bekijk specificaties en toepassingen bij Wim van Breda in Geldermalsen.,https://www.wimvanbreda.nl/occasion/verlenggiek-180-cm/,Verlenggiek 180 cm occasion | Wim van Breda,Verlenggiek 180 cm. Bekijk specificaties en toepassingen bij Wim van Breda in Geldermalsen.,assets/occasions/verlenggiek-180-cm/verlenggiek-180cm-1.jpg,"index,follow","Product,BreadcrumbList",assets/occasions/verlenggiek-180-cm/verlenggiek-180cm-1.jpg,,
/occasion/ts-327zs-houtversnipperaar/,occasion,ts-327zs-houtversnipperaar,TS 327ZS houtversnipperaar,TS 327ZS houtversnipperaar occasion | Wim van Breda,TS 327ZS houtversnipperaar — houtversnipperaars. Bekijk specificaties en toepassingen bij Wim van Breda in Geldermalsen.,https://www.wimvanbreda.nl/occasion/ts-327zs-houtversnipperaar/,TS 327ZS houtversnipperaar occasion | Wim van Breda,TS 327ZS houtversnipperaar — houtversnipperaars. Bekijk specificaties en toepassingen bij Wim van Breda in Geldermalsen.,assets/occasions/ts-327zs-houtversnipperaar/ts-327zs-houtversnipperaar-1.jpg,"index,follow","Product,BreadcrumbList",assets/occasions/ts-327zs-houtversnipperaar/ts-327zs-houtversnipperaar-1.jpg,,
/occasion/herder-kmwd-130-klepelmaaier/,occasion,herder-kmwd-130-klepelmaaier,Herder KMWD 130 klepelmaaier,Herder KMWD 130 klepelmaaier occasion | Wim van Breda,Herder KMWD 130 klepelmaaier — klepelmaaiers. Bekijk specificaties en toepassingen bij Wim van Breda in Geldermalsen.,https://www.wimvanbreda.nl/occasion/herder-kmwd-130-klepelmaaier/,Herder KMWD 130 klepelmaaier occasion | Wim van Breda,Herder KMWD 130 klepelmaaier — klepelmaaiers. Bekijk specificaties en toepassingen bij Wim van Breda in Geldermalsen.,assets/occasions/herder-kmwd-130-klepelmaaier/herder-kmwd130-klepelmaaier-1.jpg,"index,follow","Product,BreadcrumbList",assets/occasions/herder-kmwd-130-klepelmaaier/herder-kmwd130-klepelmaaier-1.jpg,,
/occasion/herder-km-klepelmaaier/,occasion,herder-km-klepelmaaier,Herder KM klepelmaaier,Herder KM klepelmaaier occasion | Wim van Breda,Herder KM klepelmaaier — klepelmaaiers. Bekijk specificaties en toepassingen bij Wim van Breda in Geldermalsen.,https://www.wimvanbreda.nl/occasion/herder-km-klepelmaaier/,Herder KM klepelmaaier occasion | Wim van Breda,Herder KM klepelmaaier — klepelmaaiers. Bekijk specificaties en toepassingen bij Wim van Breda in Geldermalsen.,assets/occasions/herder-km-klepelmaaier/herder-km-klepelmaaier-1.jpg,"index,follow","Product,BreadcrumbList",assets/occasions/herder-km-klepelmaaier/herder-km-klepelmaaier-1.jpg,,
/occasion/votex-jumbo-flex-260-klepelmaaier/,occasion,votex-jumbo-flex-260-klepelmaaier,Votex Jumbo Flex 260 klepelmaaier,Votex Jumbo Flex 260 klepelmaaier occasion | Wim van Breda,Votex Jumbo Flex 260 klepelmaaier — klepelmaaiers. Bekijk specificaties en toepassingen bij Wim van Breda in Geldermalsen.,https://www.wimvanbreda.nl/occasion/votex-jumbo-flex-260-klepelmaaier/,Votex Jumbo Flex 260 klepelmaaier occasion | Wim van Breda,Votex Jumbo Flex 260 klepelmaaier — klepelmaaiers. Bekijk specificaties en toepassingen bij Wim van Breda in Geldermalsen.,assets/occasions/votex-jumbo-flex-260-klepelmaaier/votex-jumbo-flex-260-klepelmaaier-1.jpg,"index,follow","Product,BreadcrumbList",assets/occasions/votex-jumbo-flex-260-klepelmaaier/votex-jumbo-flex-260-klepelmaaier-1.jpg,,
/occasion/ursa-1700-bezem/,occasion,ursa-1700-bezem,Ursa 1700 Bezem,Ursa 1700 Bezem occasion | Wim van Breda,Ursa 1700 Bezem — veegmachines. Bekijk specificaties en toepassingen bij Wim van Breda in Geldermalsen.,https://www.wimvanbreda.nl/occasion/ursa-1700-bezem/,Ursa 1700 Bezem occasion | Wim van Breda,Ursa 1700 Bezem — veegmachines. Bekijk specificaties en toepassingen bij Wim van Breda in Geldermalsen.,assets/occasions/ursa-1700-bezem/ursa-1700-bezem-1.jpg,"index,follow","Product,BreadcrumbList",assets/occasions/ursa-1700-bezem/ursa-1700-bezem-1.jpg,,
/occasion/bladveegunit/,occasion,bladveegunit,Bladveegunit,Bladveegunit occasion | Wim van Breda,Bladveegunit — veegmachines. Bekijk specificaties en toepassingen bij Wim van Breda in Geldermalsen.,https://www.wimvanbreda.nl/occasion/bladveegunit/,Bladveegunit occasion | Wim van Breda,Bladveegunit — veegmachines. Bekijk specificaties en toepassingen bij Wim van Breda in Geldermalsen.,assets/occasions/bladveegunit/bladveegunit-1.jpg,"index,follow","Product,BreadcrumbList",assets/occasions/bladveegunit/bladveegunit-1.jpg,,
/occasion/votex-roadmaster-2307-klepelmaaier/,occasion,votex-roadmaster-2307-klepelmaaier,Votex Roadmaster 2307 klepelmaaier,Votex Roadmaster 2307 klepelmaaier occasion (8000.2050.0271),Votex Roadmaster 2307 klepelmaaier — klepelmaaiers. (serienummer: 8000.2050.0271) Bekijk specificaties en toepassingen bij Wim van Breda in Geldermalsen.,https://www.wimvanbreda.nl/occasion/votex-roadmaster-2307-klepelmaaier/,Votex Roadmaster 2307 klepelmaaier occasion (8000.2050.0271),Votex Roadmaster 2307 klepelmaaier — klepelmaaiers. (serienummer: 8000.2050.0271) Bekijk specificaties en toepassingen bij Wim van Breda in Geldermalsen.,assets/occasions/votex-roadmaster-2307-klepelmaaier/votex-roadmaster-2307-klepelmaaier-sn0271-1.jpg,"index,follow","Product,BreadcrumbList",assets/occasions/votex-roadmaster-2307-klepelmaaier/votex-roadmaster-2307-klepelmaaier-sn0271-1.jpg,,
/occasion/votex-roadmaster-2307-klepelmaaier-2/,occasion,votex-roadmaster-2307-klepelmaaier-2,Votex Roadmaster 2307 klepelmaaier,Votex Roadmaster 2307 klepelmaaier occasion (8000.2050.0272),Votex Roadmaster 2307 klepelmaaier — klepelmaaiers. (serienummer: 8000.2050.0272) Bekijk specificaties en toepassingen bij Wim van Breda in Geldermalsen.,https://www.wimvanbreda.nl/occasion/votex-roadmaster-2307-klepelmaaier-2/,Votex Roadmaster 2307 klepelmaaier occasion (8000.2050.0272),Votex Roadmaster 2307 klepelmaaier — klepelmaaiers. (serienummer: 8000.2050.0272) Bekijk specificaties en toepassingen bij Wim van Breda in Geldermalsen.,assets/occasions/votex-roadmaster-2307-klepelmaaier-2/votex-roadmaster-2307-klepelmaaier-sn0272-1.jpg,"index,follow","Product,BreadcrumbList",assets/occasions/votex-roadmaster-2307-klepelmaaier-2/votex-roadmaster-2307-klepelmaaier-sn0272-1.jpg,,
/occasion/votex-roadmaster-1907-klepelmaaier/,occasion,votex-roadmaster-1907-klepelmaaier,Votex Roadmaster 1907 klepelmaaier,Votex Roadmaster 1907 klepelmaaier occasion | Wim van Breda,Votex Roadmaster 1907 klepelmaaier — klepelmaaiers. Bekijk specificaties en toepassingen bij Wim van Breda in Geldermalsen.,https://www.wimvanbreda.nl/occasion/votex-roadmaster-1907-klepelmaaier/,Votex Roadmaster 1907 klepelmaaier occasion | Wim van Breda,Votex Roadmaster 1907 klepelmaaier — klepelmaaiers. Bekijk specificaties en toepassingen bij Wim van Breda in Geldermalsen.,assets/occasions/votex-roadmaster-1907-klepelmaaier/votex-roadmaster-1907-klepelmaaier-1.jpg,"index,follow","Product,BreadcrumbList",assets/occasions/votex-roadmaster-1907-klepelmaaier/votex-roadmaster-1907-klepelmaaier-1.jpg,,
/occasion/votex-r-max-240-klepelmaaier/,occasion,votex-r-max-240-klepelmaaier,Votex R-Max 240 klepelmaaier,Votex R-Max 240 klepelmaaier occasion (Rubberafscherming),Votex R-Max 240 klepelmaaier — klepelmaaiers. (afscherming: Rubberafscherming) Bekijk specificaties en toepassingen bij Wim van Breda in Geldermalsen.,https://www.wimvanbreda.nl/occasion/votex-r-max-240-klepelmaaier/,Votex R-Max 240 klepelmaaier occasion (Rubberafscherming),Votex R-Max 240 klepelmaaier — klepelmaaiers. (afscherming: Rubberafscherming) Bekijk specificaties en toepassingen bij Wim van Breda in Geldermalsen.,assets/occasions/votex-r-max-240-klepelmaaier/votex-r-max-240-klepelmaaier-1.jpg,"index,follow","Product,BreadcrumbList",assets/occasions/votex-r-max-240-klepelmaaier/votex-r-max-240-klepelmaaier-1.jpg,,
/occasion/votex-landmaster-240-klepelmaaier/,occasion,votex-landmaster-240-klepelmaaier,Votex Landmaster 240 klepelmaaier,Votex Landmaster 240 klepelmaaier occasion | Wim van Breda,Votex Landmaster 240 klepelmaaier — klepelmaaiers. Bekijk specificaties en toepassingen bij Wim van Breda in Geldermalsen.,https://www.wimvanbreda.nl/occasion/votex-landmaster-240-klepelmaaier/,Votex Landmaster 240 klepelmaaier occasion | Wim van Breda,Votex Landmaster 240 klepelmaaier — klepelmaaiers. Bekijk specificaties en toepassingen bij Wim van Breda in Geldermalsen.,assets/occasions/votex-landmaster-240-klepelmaaier/votex-landmaster-240-klepelmaaier-1.jpg,"index,follow","Product,BreadcrumbList",assets/occasions/votex-landmaster-240-klepelmaaier/votex-landmaster-240-klepelmaaier-1.jpg,,
/occasion/kersten-km16550m-bezem/,occasion,kersten-km16550m-bezem,Kersten KM16550M bezem,Kersten KM16550M bezem occasion | Wim van Breda,Kersten KM16550M bezem — veegmachines. Bekijk specificaties en toepassingen bij Wim van Breda in Geldermalsen.,https://www.wimvanbreda.nl/occasion/kersten-km16550m-bezem/,Kersten KM16550M bezem occasion | Wim van Breda,Kersten KM16550M bezem — veegmachines. Bekijk specificaties en toepassingen bij Wim van Breda in Geldermalsen.,assets/occasions/kersten-km16550m-bezem/kersten-km16550m-bezem-1.jpg,"index,follow","Product,BreadcrumbList",assets/occasions/kersten-km16550m-bezem/kersten-km16550m-bezem-1.jpg,,
/occasion/hoaf-weedair-75ibe-heteluchtmachine/,occasion,hoaf-weedair-75ibe-heteluchtmachine,HOAF WeedAIR 75IBE heteluchtmachine,HOAF WeedAIR 75IBE heteluchtmachine occasion | Wim van Breda,HOAF WeedAIR 75IBE heteluchtmachine — onkruidbestrijding. Bekijk specificaties en toepassingen bij Wim van Breda in Geldermalsen.,https://www.wimvanbreda.nl/occasion/hoaf-weedair-75ibe-heteluchtmachine/,HOAF WeedAIR 75IBE heteluchtmachine occasion | Wim van Breda,HOAF WeedAIR 75IBE heteluchtmachine — onkruidbestrijding. Bekijk specificaties en toepassingen bij Wim van Breda in Geldermalsen.,assets/occasions/hoaf-weedair-75ibe-heteluchtmachine/hoaf-weedair-75ibe-heteluchtmachine-1.jpg,"index,follow","Product,BreadcrumbList",assets/occasions/hoaf-weedair-75ibe-heteluchtmachine/hoaf-weedair-75ibe-heteluchtmachine-1.jpg,,
/occasion/votex-b20-bladblazer/,occasion,votex-b20-bladblazer,Votex B20 bladblazer,Votex B20 bladblazer occasion | Wim van Breda,Votex B20 bladblazer — bladblazers. Bekijk specificaties en toepassingen bij Wim van Breda in Geldermalsen.,https://www.wimvanbreda.nl/occasion/votex-b20-bladblazer/,Votex B20 bladblazer occasion | Wim van Breda,Votex B20 bladblazer — bladblazers. Bekijk specificaties en toepassingen bij Wim van Breda in Geldermalsen.,assets/occasions/votex-b20-bladblazer/votex-b20-bladblazer-1.jpg,"index,follow","Product,BreadcrumbList",assets/occasions/votex-b20-bladblazer/votex-b20-bladblazer-1.jpg,,
/occasion/mcconnel-maaiarm-met-heggenslagmaaier/,occasion,mcconnel-maaiarm-met-heggenslagmaaier,McConnel Maaiarm met heggenslagmaaier,McConnel Maaiarm met heggenslagmaaier occasion,McConnel Maaiarm met heggenslagmaaier — heggenslagmaaiers. Bekijk specificaties en toepassingen bij Wim van Breda in Geldermalsen.,https://www.wimvanbreda.nl/occasion/mcconnel-maaiarm-met-heggenslagmaaier/,McConnel Maaiarm met heggenslagmaaier occasion,McConnel Maaiarm met heggenslagmaaier — heggenslagmaaiers. Bekijk specificaties en toepassingen bij Wim van Breda in Geldermalsen.,assets/occasions/mcconnel-maaiarm-met-heggenslagmaaier/mcconnel-maaiarm-heggenslagmaaier-1.jpg,"index,follow","Product,BreadcrumbList",assets/occasions/mcconnel-maaiarm-met-heggenslagmaaier/mcconnel-maaiarm-heggenslagmaaier-1.jpg,,
/occasion/reform-m3l-motormaaier/,occasion,reform-m3l-motormaaier,Reform M3L motormaaier,Reform M3L motormaaier occasion | Wim van Breda,Reform M3L motormaaier — motormaaiers. Bekijk specificaties en toepassingen bij Wim van Breda in Geldermalsen.,https://www.wimvanbreda.nl/occasion/reform-m3l-motormaaier/,Reform M3L motormaaier occasion | Wim van Breda,Reform M3L motormaaier — motormaaiers. Bekijk specificaties en toepassingen bij Wim van Breda in Geldermalsen.,assets/occasions/reform-m3l-motormaaier/reform-m3l-motormaaier-1.jpg,"index,follow","Product,BreadcrumbList",assets/occasions/reform-m3l-motormaaier/reform-m3l-motormaaier-1.jpg,,
/occasion/hoaf-thermhit-75m-onkruidbrander-occasion/,occasion,hoaf-thermhit-75m-onkruidbrander,HOAF ThermHIT 75M onkruidbrander,HOAF ThermHIT 75M onkruidbrander occasion | Wim van Breda,HOAF ThermHIT 75M onkruidbrander — onkruidbestrijding. Bekijk specificaties en toepassingen bij Wim van Breda in Geldermalsen.,https://www.wimvanbreda.nl/occasion/hoaf-thermhit-75m-onkruidbrander-occasion/,HOAF ThermHIT 75M onkruidbrander occasion | Wim van Breda,HOAF ThermHIT 75M onkruidbrander — onkruidbestrijding. Bekijk specificaties en toepassingen bij Wim van Breda in Geldermalsen.,assets/occasions/hoaf-thermhit-75m-onkruidbrander-occasion/hoaf-thermhit-75m-onkruidbrander-occasion-1.jpg,"index,follow","Product,BreadcrumbList",assets/occasions/hoaf-thermhit-75m-onkruidbrander-occasion/hoaf-thermhit-75m-onkruidbrander-occasion-1.jpg,,
/occasion/massey-ferguson-rb-3130f-xtra-pers/,occasion,massey-ferguson-rb-3130f-xtra-pers,Massey Ferguson RB 3130F Xtra pers,Massey Ferguson RB 3130F Xtra pers occasion | Wim van Breda,Massey Ferguson RB 3130F Xtra pers. Bekijk specificaties en toepassingen bij Wim van Breda in Geldermalsen.,https://www.wimvanbreda.nl/occasion/massey-ferguson-rb-3130f-xtra-pers/,Massey Ferguson RB 3130F Xtra pers occasion | Wim van Breda,Massey Ferguson RB 3130F Xtra pers. Bekijk specificaties en toepassingen bij Wim van Breda in Geldermalsen.,assets/occasions/massey-ferguson-rb-3130f-xtra-pers/massey-ferguson-rb3130f-xtra-pers-1.jpg,"index,follow","Product,BreadcrumbList",assets/occasions/massey-ferguson-rb-3130f-xtra-pers/massey-ferguson-rb3130f-xtra-pers-1.jpg,,
/occasion/herder-verlenggiek-cw05/,occasion,herder-verlenggiek-cw05,Herder Verlenggiek CW05,Herder Verlenggiek CW05 occasion | Wim van Breda,Herder Verlenggiek CW05. Bekijk specificaties en toepassingen bij Wim van Breda in Geldermalsen.,https://www.wimvanbreda.nl/occasion/herder-verlenggiek-cw05/,Herder Verlenggiek CW05 occasion | Wim van Breda,Herder Verlenggiek CW05. Bekijk specificaties en toepassingen bij Wim van Breda in Geldermalsen.,assets/occasions/herder-verlenggiek-cw05/herder-verlenggiek-cw05-1.jpg,"index,follow","Product,BreadcrumbList",assets/occasions/herder-verlenggiek-cw05/herder-verlenggiek-cw05-1.jpg,,
/occasion/pentin-paja-velkop-wmt/,occasion,pentin-paja-velkop-wmt,Pentin Paja Velkop WMT,Pentin Paja Velkop WMT occasion | Wim van Breda,Pentin Paja Velkop WMT. Bekijk specificaties en toepassingen bij Wim van Breda in Geldermalsen.,https://www.wimvanbreda.nl/occasion/pentin-paja-velkop-wmt/,Pentin Paja Velkop WMT occasion | Wim van Breda,Pentin Paja Velkop WMT. Bekijk specificaties en toepassingen bij Wim van Breda in Geldermalsen.,assets/occasions/pentin-paja-velkop-wmt/pentin-paja-velkop-wmt-1.jpg,"index,follow","Product,BreadcrumbList",assets/occasions/pentin-paja-velkop-wmt/pentin-paja-velkop-wmt-1.jpg,,
/occasion/vicon-extra-328f-express-schijvenmaaier/,occasion,vicon-extra-328f-express-schijvenmaaier,Vicon Extra 328F Express schijvenmaaier,Vicon Extra 328F Express schijvenmaaier occasion,Vicon Extra 328F Express schijvenmaaier — tuin- en parkmachines. Bekijk specificaties en toepassingen bij Wim van Breda in Geldermalsen.,https://www.wimvanbreda.nl/occasion/vicon-extra-328f-express-schijvenmaaier/,Vicon Extra 328F Express schijvenmaaier occasion,Vicon Extra 328F Express schijvenmaaier — tuin- en parkmachines. Bekijk specificaties en toepassingen bij Wim van Breda in Geldermalsen.,assets/occasions/vicon-extra-328f-express-schijvenmaaier/vicon-extra-328f-express-1.jpg,"index,follow","Product,BreadcrumbList",assets/occasions/vicon-extra-328f-express-schijvenmaaier/vicon-extra-328f-express-1.jpg,,
/occasion/herder-kmv225-front-klepelmaaier/,occasion,herder-kmv225-front-klepelmaaier,Herder KMV225 front klepelmaaier,Herder KMV225 front klepelmaaier occasion | Wim van Breda,Herder KMV225 front klepelmaaier — klepelmaaiers. Bekijk specificaties en toepassingen bij Wim van Breda in Geldermalsen.,https://www.wimvanbreda.nl/occasion/herder-kmv225-front-klepelmaaier/,Herder KMV225 front klepelmaaier occasion | Wim van Breda,Herder KMV225 front klepelmaaier — klepelmaaiers. Bekijk specificaties en toepassingen bij Wim van Breda in Geldermalsen.,assets/occasions/herder-kmv225-front-klepelmaaier/herder-kmv225-front-klepelmaaier-1.jpg,"index,follow","Product,BreadcrumbList",assets/occasions/herder-kmv225-front-klepelmaaier/herder-kmv225-front-klepelmaaier-1.jpg,,
/occasion/votex-roadmaster-rm2102-klepelmaaier/,occasion,votex-roadmaster-rm2102-klepelmaaier,Votex Roadmaster RM2102 klepelmaaier,Votex Roadmaster RM2102 klepelmaaier occasion,Votex Roadmaster RM2102 klepelmaaier — klepelmaaiers. Bekijk specificaties en toepassingen bij Wim van Breda in Geldermalsen.,https://www.wimvanbreda.nl/occasion/votex-roadmaster-rm2102-klepelmaaier/,Votex Roadmaster RM2102 klepelmaaier occasion,Votex Roadmaster RM2102 klepelmaaier — klepelmaaiers. Bekijk specificaties en toepassingen bij Wim van Breda in Geldermalsen.,assets/occasions/votex-roadmaster-rm2102-klepelmaaier/votex-roadmaster-rm2102-klepelmaaier-1.jpg,"index,follow","Product,BreadcrumbList",assets/occasions/votex-roadmaster-rm2102-klepelmaaier/votex-roadmaster-rm2102-klepelmaaier-1.jpg,,
/occasion/reform-m3d-met-bezem/,occasion,reform-m3d-met-bezem,Reform M3D met bezem,Reform M3D met bezem occasion | Wim van Breda,Reform M3D met bezem — veegmachines. Bekijk specificaties en toepassingen bij Wim van Breda in Geldermalsen.,https://www.wimvanbreda.nl/occasion/reform-m3d-met-bezem/,Reform M3D met bezem occasion | Wim van Breda,Reform M3D met bezem — veegmachines. Bekijk specificaties en toepassingen bij Wim van Breda in Geldermalsen.,assets/occasions/reform-m3d-met-bezem/reform-m3d-met-bezem-1.jpg,"index,follow","Product,BreadcrumbList",assets/occasions/reform-m3d-met-bezem/reform-m3d-met-bezem-1.jpg,,
/occasion/lely-splendimo/,occasion,lely-splendimo,Lely Splendimo,Lely Splendimo occasion | Wim van Breda,Lely Splendimo. Bekijk specificaties en toepassingen bij Wim van Breda in Geldermalsen.,https://www.wimvanbreda.nl/occasion/lely-splendimo/,Lely Splendimo occasion | Wim van Breda,Lely Splendimo. Bekijk specificaties en toepassingen bij Wim van Breda in Geldermalsen.,assets/occasions/lely-splendimo/lely-splendimo-1.jpg,"index,follow","Product,BreadcrumbList",assets/occasions/lely-splendimo/lely-splendimo-1.jpg,,
/occasion/massey-ferguson-6480-en-herder-mbk518ls-maaiarm/,occasion,massey-ferguson-6480-en-herder-mbk518ls-maaiarm,Massey Ferguson 6480 + Herder MBK518LS maaiarm,Massey Ferguson 6480 + Herder MBK518LS maaiarm occasion,Massey Ferguson 6480 + Herder MBK518LS maaiarm — maaiarmen. Bekijk specificaties en toepassingen bij Wim van Breda in Geldermalsen.,https://www.wimvanbreda.nl/occasion/massey-ferguson-6480-en-herder-mbk518ls-maaiarm/,Massey Ferguson 6480 + Herder MBK518LS maaiarm occasion,Massey Ferguson 6480 + Herder MBK518LS maaiarm — maaiarmen. Bekijk specificaties en toepassingen bij Wim van Breda in Geldermalsen.,assets/occasions/massey-ferguson-6480-en-herder-mbk518ls-maaiarm/massey-ferguson-6480-herder-mbk518ls-1.jpg,"index,follow","Product,BreadcrumbList",assets/occasions/massey-ferguson-6480-en-herder-mbk518ls-maaiarm/massey-ferguson-6480-herder-mbk518ls-1.jpg,,
/occasion/omarv-ter-190-maai-laad-combinatie/,occasion,omarv-ter-190-maai-laad-combinatie,Omarv TER 190 maai-laad combinatie,Omarv TER 190 maai-laad combinatie occasion | Wim van Breda,Omarv TER 190 maai-laad combinatie — maai-laadcombinaties. Bekijk specificaties en toepassingen bij Wim van Breda in Geldermalsen.,https://www.wimvanbreda.nl/occasion/omarv-ter-190-maai-laad-combinatie/,Omarv TER 190 maai-laad combinatie occasion | Wim van Breda,Omarv TER 190 maai-laad combinatie — maai-laadcombinaties. Bekijk specificaties en toepassingen bij Wim van Breda in Geldermalsen.,assets/occasions/omarv-ter-190-maai-laad-combinatie/omarv-ter-190-maai-laad-combinatie-1.jpg,"index,follow","Product,BreadcrumbList",assets/occasions/omarv-ter-190-maai-laad-combinatie/omarv-ter-190-maai-laad-combinatie-1.jpg,,
/occasion/votex-r-max-240-klepelmaaier-2/,occasion,votex-r-max-240-klepelmaaier-2,Votex R-Max 240 klepelmaaier,Votex R-Max 240 klepelmaaier occasion (Kettingafscherming),Votex R-Max 240 klepelmaaier — klepelmaaiers. (afscherming: Kettingafscherming) Bekijk specificaties en toepassingen bij Wim van Breda in Geldermalsen.,https://www.wimvanbreda.nl/occasion/votex-r-max-240-klepelmaaier-2/,Votex R-Max 240 klepelmaaier occasion (Kettingafscherming),Votex R-Max 240 klepelmaaier — klepelmaaiers. (afscherming: Kettingafscherming) Bekijk specificaties en toepassingen bij Wim van Breda in Geldermalsen.,assets/occasions/votex-r-max-240-klepelmaaier-2/votex-r-max-240-klepelmaaier-sn0043-1.jpg,"index,follow","Product,BreadcrumbList",assets/occasions/votex-r-max-240-klepelmaaier-2/votex-r-max-240-klepelmaaier-sn0043-1.jpg,,
/occasion/votex-vt550-bladzuigwagen/,occasion,votex-vt550-bladzuigwagen,Votex VT550 bladzuigwagen,Votex VT550 bladzuigwagen occasion | Wim van Breda,Votex VT550 bladzuigwagen — zuigwagens. Bekijk specificaties en toepassingen bij Wim van Breda in Geldermalsen.,https://www.wimvanbreda.nl/occasion/votex-vt550-bladzuigwagen/,Votex VT550 bladzuigwagen occasion | Wim van Breda,Votex VT550 bladzuigwagen — zuigwagens. Bekijk specificaties en toepassingen bij Wim van Breda in Geldermalsen.,assets/occasions/votex-vt550-bladzuigwagen/votex-vt550-bladzuigwagen-1.jpg,"index,follow","Product,BreadcrumbList",assets/occasions/votex-vt550-bladzuigwagen/votex-vt550-bladzuigwagen-1.jpg,,
/occasion/omarv-bari-240f-klepelmaaier/,occasion,omarv-bari-240f-klepelmaaier,Omarv Bari 240F klepelmaaier,Omarv Bari 240F klepelmaaier occasion | Wim van Breda,Omarv Bari 240F klepelmaaier — klepelmaaiers. Bekijk specificaties en toepassingen bij Wim van Breda in Geldermalsen.,https://www.wimvanbreda.nl/occasion/omarv-bari-240f-klepelmaaier/,Omarv Bari 240F klepelmaaier occasion | Wim van Breda,Omarv Bari 240F klepelmaaier — klepelmaaiers. Bekijk specificaties en toepassingen bij Wim van Breda in Geldermalsen.,assets/occasions/omarv-bari-240f-klepelmaaier/omarv-bari-240f-klepelmaaier-1.jpg,"index,follow","Product,BreadcrumbList",assets/occasions/omarv-bari-240f-klepelmaaier/omarv-bari-240f-klepelmaaier-1.jpg,,
/occasion/kuhn-fb3130-pers/,occasion,kuhn-fb3130-pers,Kuhn FB3130 pers,Kuhn FB3130 pers occasion | Wim van Breda,Kuhn FB3130 pers. Bekijk specificaties en toepassingen bij Wim van Breda in Geldermalsen.,https://www.wimvanbreda.nl/occasion/kuhn-fb3130-pers/,Kuhn FB3130 pers occasion | Wim van Breda,Kuhn FB3130 pers. Bekijk specificaties en toepassingen bij Wim van Breda in Geldermalsen.,assets/occasions/kuhn-fb3130-pers/kuhn-fb3130-pers-1.jpg,"index,follow","Product,BreadcrumbList",assets/occasions/kuhn-fb3130-pers/kuhn-fb3130-pers-1.jpg,,
/occasion/votex-hydraulische-bladblazer-b10h/,occasion,votex-hydraulische-bladblazer-b10h,Votex Hydraulische bladblazer B10H,Votex Hydraulische bladblazer B10H occasion | Wim van Breda,Votex Hydraulische bladblazer B10H — bladblazers. Bekijk specificaties en toepassingen bij Wim van Breda in Geldermalsen.,https://www.wimvanbreda.nl/occasion/votex-hydraulische-bladblazer-b10h/,Votex Hydraulische bladblazer B10H occasion | Wim van Breda,Votex Hydraulische bladblazer B10H — bladblazers. Bekijk specificaties en toepassingen bij Wim van Breda in Geldermalsen.,assets/occasions/votex-hydraulische-bladblazer-b10h/votex-bladblazer-b10h-1.jpg,"index,follow","Product,BreadcrumbList",assets/occasions/votex-hydraulische-bladblazer-b10h/votex-bladblazer-b10h-1.jpg,,
/occasion/fermex-sct-410h-stobbenfrees/,occasion,fermex-sct-410h-stobbenfrees,Fermex SCT-410H stobbenfrees,Fermex SCT-410H stobbenfrees occasion | Wim van Breda,Fermex SCT-410H stobbenfrees — stobbenfrezen. Bekijk specificaties en toepassingen bij Wim van Breda in Geldermalsen.,https://www.wimvanbreda.nl/occasion/fermex-sct-410h-stobbenfrees/,Fermex SCT-410H stobbenfrees occasion | Wim van Breda,Fermex SCT-410H stobbenfrees — stobbenfrezen. Bekijk specificaties en toepassingen bij Wim van Breda in Geldermalsen.,assets/occasions/fermex-sct-410h-stobbenfrees/fermex-sct-410h-stobbenfrees-1.jpg,"index,follow","Product,BreadcrumbList",assets/occasions/fermex-sct-410h-stobbenfrees/fermex-sct-410h-stobbenfrees-1.jpg,,
/occasion/votex-b20-pto-bladblazer-a/,occasion,votex-b20-pto-bladblazer-a,Votex B20 PTO bladblazer (A),Votex B20 PTO bladblazer (A) occasion | Wim van Breda,Votex B20 PTO bladblazer (A) — bladblazers. Bekijk specificaties en toepassingen bij Wim van Breda in Geldermalsen.,https://www.wimvanbreda.nl/occasion/votex-b20-pto-bladblazer-a/,Votex B20 PTO bladblazer (A) occasion | Wim van Breda,Votex B20 PTO bladblazer (A) — bladblazers. Bekijk specificaties en toepassingen bij Wim van Breda in Geldermalsen.,assets/occasions/votex-b20-pto-bladblazer-a/votex-b20-pto-bladblazer-a-1.jpg,"index,follow","Product,BreadcrumbList",assets/occasions/votex-b20-pto-bladblazer-a/votex-b20-pto-bladblazer-a-1.jpg,,
/occasion/votex-b20-pto-bladblazer-d/,occasion,votex-b20-pto-bladblazer-d,Votex B20 PTO bladblazer (D),Votex B20 PTO bladblazer (D) occasion | Wim van Breda,Votex B20 PTO bladblazer (D) — bladblazers. Bekijk specificaties en toepassingen bij Wim van Breda in Geldermalsen.,https://www.wimvanbreda.nl/occasion/votex-b20-pto-bladblazer-d/,Votex B20 PTO bladblazer (D) occasion | Wim van Breda,Votex B20 PTO bladblazer (D) — bladblazers. Bekijk specificaties en toepassingen bij Wim van Breda in Geldermalsen.,assets/occasions/votex-b20-pto-bladblazer-d/votex-b20-pto-bladblazer-d-1.jpg,"index,follow","Product,BreadcrumbList",assets/occasions/votex-b20-pto-bladblazer-d/votex-b20-pto-bladblazer-d-1.jpg,,
/occasion/votex-landmaster-310-klepelmaaier/,occasion,votex-landmaster-310-klepelmaaier,Votex Landmaster 310 klepelmaaier,Votex Landmaster 310 klepelmaaier occasion | Wim van Breda,Votex Landmaster 310 klepelmaaier — klepelmaaiers. Bekijk specificaties en toepassingen bij Wim van Breda in Geldermalsen.,https://www.wimvanbreda.nl/occasion/votex-landmaster-310-klepelmaaier/,Votex Landmaster 310 klepelmaaier occasion | Wim van Breda,Votex Landmaster 310 klepelmaaier — klepelmaaiers. Bekijk specificaties en toepassingen bij Wim van Breda in Geldermalsen.,assets/occasions/votex-landmaster-310-klepelmaaier/votex-landmaster-310-klepelmaaier-1.jpg,"index,follow","Product,BreadcrumbList",assets/occasions/votex-landmaster-310-klepelmaaier/votex-landmaster-310-klepelmaaier-1.jpg,,
/occasion/reform-m9e-motormaaier/,occasion,reform-m9e-motormaaier,Reform M9e motormaaier,Reform M9e motormaaier occasion | Wim van Breda,Reform M9e motormaaier — motormaaiers. Bekijk specificaties en toepassingen bij Wim van Breda in Geldermalsen.,https://www.wimvanbreda.nl/occasion/reform-m9e-motormaaier/,Reform M9e motormaaier occasion | Wim van Breda,Reform M9e motormaaier — motormaaiers. Bekijk specificaties en toepassingen bij Wim van Breda in Geldermalsen.,assets/occasions/reform-m9e-motormaaier/reform-m9e-motormaaier-1.jpg,"index,follow","Product,BreadcrumbList",assets/occasions/reform-m9e-motormaaier/reform-m9e-motormaaier-1.jpg,,
/occasion/votex-roadmaster-rm2102-ra-klepelmaaier/,occasion,votex-roadmaster-rm2102-ra-klepelmaaier,Votex Roadmaster RM2102 RA klepelmaaier,Votex Roadmaster RM2102 RA klepelmaaier occasion,Votex Roadmaster RM2102 RA klepelmaaier — klepelmaaiers. Bekijk specificaties en toepassingen bij Wim van Breda in Geldermalsen.,https://www.wimvanbreda.nl/occasion/votex-roadmaster-rm2102-ra-klepelmaaier/,Votex Roadmaster RM2102 RA klepelmaaier occasion,Votex Roadmaster RM2102 RA klepelmaaier — klepelmaaiers. Bekijk specificaties en toepassingen bij Wim van Breda in Geldermalsen.,assets/occasions/votex-roadmaster-rm2102-ra-klepelmaaier/votex-roadmaster-rm2102-ra-klepelmaaier-1.jpg,"index,follow","Product,BreadcrumbList",assets/occasions/votex-roadmaster-rm2102-ra-klepelmaaier/votex-roadmaster-rm2102-ra-klepelmaaier-1.jpg,,
/occasion/miedema-opvangwagen/,occasion,miedema-opvangwagen,Miedema Opvangwagen,Miedema Opvangwagen occasion | Wim van Breda,Miedema Opvangwagen. Bekijk specificaties en toepassingen bij Wim van Breda in Geldermalsen.,https://www.wimvanbreda.nl/occasion/miedema-opvangwagen/,Miedema Opvangwagen occasion | Wim van Breda,Miedema Opvangwagen. Bekijk specificaties en toepassingen bij Wim van Breda in Geldermalsen.,assets/occasions/miedema-opvangwagen/miedema-opvangwagen-1.jpg,"index,follow","Product,BreadcrumbList",assets/occasions/miedema-opvangwagen/miedema-opvangwagen-1.jpg,,
/occasion/berstol-opvangwagen/,occasion,berstol-opvangwagen,Berstol Opvangwagen,Berstol Opvangwagen occasion | Wim van Breda,Berstol Opvangwagen. Bekijk specificaties en toepassingen bij Wim van Breda in Geldermalsen.,https://www.wimvanbreda.nl/occasion/berstol-opvangwagen/,Berstol Opvangwagen occasion | Wim van Breda,Berstol Opvangwagen. Bekijk specificaties en toepassingen bij Wim van Breda in Geldermalsen.,assets/occasions/berstol-opvangwagen/berstol-opvangwagen-1.jpg,"index,follow","Product,BreadcrumbList",assets/occasions/berstol-opvangwagen/berstol-opvangwagen-1.jpg,,
/occasion/herder-hydrauliek-unit/,occasion,herder-hydrauliek-unit,Herder Hydrauliek unit,Herder Hydrauliek unit occasion | Wim van Breda,Herder Hydrauliek unit. Bekijk specificaties en toepassingen bij Wim van Breda in Geldermalsen.,https://www.wimvanbreda.nl/occasion/herder-hydrauliek-unit/,Herder Hydrauliek unit occasion | Wim van Breda,Herder Hydrauliek unit. Bekijk specificaties en toepassingen bij Wim van Breda in Geldermalsen.,assets/occasions/herder-hydrauliek-unit/herder-hydrauliek-unit-1.jpg,"index,follow","Product,BreadcrumbList",assets/occasions/herder-hydrauliek-unit/herder-hydrauliek-unit-1.jpg,,
/occasion/herder-giekenstel/,occasion,herder-giekenstel,Herder Giekenstel,Herder Giekenstel occasion | Wim van Breda,Herder Giekenstel. Bekijk specificaties en toepassingen bij Wim van Breda in Geldermalsen.,https://www.wimvanbreda.nl/occasion/herder-giekenstel/,Herder Giekenstel occasion | Wim van Breda,Herder Giekenstel. Bekijk specificaties en toepassingen bij Wim van Breda in Geldermalsen.,assets/occasions/herder-giekenstel/herder-giekenstel-1.jpg,"index,follow","Product,BreadcrumbList",assets/occasions/herder-giekenstel/herder-giekenstel-1.jpg,,
/occasion/kersten-weedo-2-onkruidborstel/,occasion,kersten-weedo-2-onkruidborstel,Kersten Weedo 2 onkruidborstel,Kersten Weedo 2 onkruidborstel occasion | Wim van Breda,Kersten Weedo 2 onkruidborstel — onkruidbestrijding. Bekijk specificaties en toepassingen bij Wim van Breda in Geldermalsen.,https://www.wimvanbreda.nl/occasion/kersten-weedo-2-onkruidborstel/,Kersten Weedo 2 onkruidborstel occasion | Wim van Breda,Kersten Weedo 2 onkruidborstel — onkruidbestrijding. Bekijk specificaties en toepassingen bij Wim van Breda in Geldermalsen.,assets/occasions/kersten-weedo-2-onkruidborstel/kersten-weedo-2-onkruidborstel-1.jpg,"index,follow","Product,BreadcrumbList",assets/occasions/kersten-weedo-2-onkruidborstel/kersten-weedo-2-onkruidborstel-1.jpg,,
/occasion/herder-grenadier-giekenstel-3-delig/,occasion,herder-grenadier-giekenstel-3-delig,Herder Grenadier giekenstel 3-delig,Herder Grenadier giekenstel 3-delig occasion | Wim van Breda,Herder Grenadier giekenstel 3-delig. Bekijk specificaties en toepassingen bij Wim van Breda in Geldermalsen.,https://www.wimvanbreda.nl/occasion/herder-grenadier-giekenstel-3-delig/,Herder Grenadier giekenstel 3-delig occasion | Wim van Breda,Herder Grenadier giekenstel 3-delig. Bekijk specificaties en toepassingen bij Wim van Breda in Geldermalsen.,assets/occasions/herder-grenadier-giekenstel-3-delig/herder-grenadier-giekenstel-1.jpg,"index,follow","Product,BreadcrumbList",assets/occasions/herder-grenadier-giekenstel-3-delig/herder-grenadier-giekenstel-1.jpg,,
/nieuws/wim-van-breda-op-de-ath-gth/,nieuws_item,wim-van-breda-op-de-ath-gth,Wim van Breda op de ATH/GTH,Wim van Breda op de ATH/GTH | Wim van Breda,Wim van Breda op de ATH/GTH. Lees het volledige bericht op de website van Wim van Breda in Geldermalsen.,https://www.wimvanbreda.nl/nieuws/wim-van-breda-op-de-ath-gth/,Wim van Breda op de ATH/GTH | Wim van Breda,Wim van Breda op de ATH/GTH. Lees het volledige bericht op de website van Wim van Breda in Geldermalsen.,,"index,follow",Article,,,
/nieuws/bezoek-wim-van-breda-op-de-ath-gth-beurs/,nieuws_item,bezoek-wim-van-breda-op-de-ath-gth-beurs,Bezoek Wim van Breda op de ATH & GTH beurs,Bezoek Wim van Breda op de ATH & GTH beurs | Wim van Breda,"Wim van Breda is aanwezig op de ATH & GTH beurs in Biddinghuizen. U vindt ons op standnummer 4.22, waar wij u graag kennis laten maken met een groot aantal van onze merken, machines en oplossingen voor professioneel landbouw- en groenbeheer.",https://www.wimvanbreda.nl/nieuws/bezoek-wim-van-breda-op-de-ath-gth-beurs/,Bezoek Wim van Breda op de ATH & GTH beurs | Wim van Breda,"Wim van Breda is aanwezig op de ATH & GTH beurs in Biddinghuizen. U vindt ons op standnummer 4.22, waar wij u graag kennis laten maken met een groot aantal van onze merken, machines en oplossingen voor professioneel landbouw- en groenbeheer.",,"index,follow",Article,,,
/nieuws/succesvolle-demo-reform-metrac-h95-messenbalk/,nieuws_item,succesvolle-demo-reform-metrac-h95-messenbalk,Succesvolle demo met de Reform Metrac H95 en BB dubbele messenbalk,Succesvolle demo met de Reform Metrac H95 en BB dubbele messenbalk,"Vanmorgen verzorgden wij een geslaagde demo met de Reform Metrac H95, uitgerust met de BB-Umwelttechnik dubbele messenbalk.",https://www.wimvanbreda.nl/nieuws/succesvolle-demo-reform-metrac-h95-messenbalk/,Succesvolle demo met de Reform Metrac H95 en BB dubbele messenbalk,"Vanmorgen verzorgden wij een geslaagde demo met de Reform Metrac H95, uitgerust met de BB-Umwelttechnik dubbele messenbalk.",,"index,follow",Article,,,
/nieuws/tweedehands-klepelmaaier-kopen-7-tips/,nieuws_item,tweedehands-klepelmaaier-kopen-7-tips,Tweedehands klepelmaaier kopen? 7 tips om direct de juiste keuze te maken,Tweedehands klepelmaaier kopen? 7 tips om direct de juiste keuze te maken,Een tweedehands klepelmaaier kopen is vaak een verstandige investering. U bespaart op aanschafkosten en beschikt toch over een machine die direct inzetbaar is.,https://www.wimvanbreda.nl/nieuws/tweedehands-klepelmaaier-kopen-7-tips/,Tweedehands klepelmaaier kopen? 7 tips om direct de juiste keuze te maken,Een tweedehands klepelmaaier kopen is vaak een verstandige investering. U bespaart op aanschafkosten en beschikt toch over een machine die direct inzetbaar is.,,"index,follow",Article,,,
/nieuws/mowhawk-bermbeheer-met-big-data/,nieuws_item,mowhawk-bermbeheer-met-big-data,Bermbeheer met big data,Bermbeheer met big data | Wim van Breda,"Bermonderhoud, en zeker de ecologische aanpak, vormt een grote kostenpost. Traditionele maaimethoden veroorzaken achteruitgang van de biodiversiteit en de insectenpopulaties.",https://www.wimvanbreda.nl/nieuws/mowhawk-bermbeheer-met-big-data/,Bermbeheer met big data | Wim van Breda,"Bermonderhoud, en zeker de ecologische aanpak, vormt een grote kostenpost. Traditionele maaimethoden veroorzaken achteruitgang van de biodiversiteit en de insectenpopulaties.",,"index,follow",Article,assets/images/nieuws/mowhawk-bermbeheer-met-big-data/mohwak-slim-bermbeheer-1.jpg,,
/nieuws/bermonderhoud-2-0/,nieuws_item,bermonderhoud-2-0,Bermonderhoud 2.0,Bermonderhoud 2.0 | Wim van Breda,"Met trots introduceren we de BreTrac 2.0, een voertuig voor het maaien van wegbermen, waarbij het maaisel direct wordt afgevoerd.",https://www.wimvanbreda.nl/nieuws/bermonderhoud-2-0/,Bermonderhoud 2.0 | Wim van Breda,"Met trots introduceren we de BreTrac 2.0, een voertuig voor het maaien van wegbermen, waarbij het maaisel direct wordt afgevoerd.",,"index,follow",Article,assets/images/nieuws/bermonderhoud-2-0/bretrac-1.jpg,,
/nieuws/bezoek-wim-van-breda-bv-op-de-groene-sector-vakbeurs-2022/,nieuws_item,bezoek-wim-van-breda-bv-op-de-groene-sector-vakbeurs-2022,Bezoek Wim van Breda BV op De Groene Sector vakbeurs 2022,Bezoek Wim van Breda BV op De Groene Sector vakbeurs 2022,"De Groene Sector Vakbeurs vindt dit jaar plaats op 8, 9 en 10 maart 2022 in de Evenementenhal aan de Energieweg 2 te Hardenberg.",https://www.wimvanbreda.nl/nieuws/bezoek-wim-van-breda-bv-op-de-groene-sector-vakbeurs-2022/,Bezoek Wim van Breda BV op De Groene Sector vakbeurs 2022,"De Groene Sector Vakbeurs vindt dit jaar plaats op 8, 9 en 10 maart 2022 in de Evenementenhal aan de Energieweg 2 te Hardenberg.",,"index,follow",Article,assets/images/nieuws/groene-sector-vakbeurs-2022/IMG_4202.jpeg,,
/nieuws/de-dag-van-johan-de-leeuw/,nieuws_item,de-dag-van-johan-de-leeuw,De dag van after sales-manager Johan de Leeuw,De dag van after sales-manager Johan de Leeuw,Maak kennis met Johan de Leeuw after sales-manager bij Wim van Breda. Hij zorgt ervoor dat de klant ook na hun aankoop tevreden blijven.,https://www.wimvanbreda.nl/nieuws/de-dag-van-johan-de-leeuw/,De dag van after sales-manager Johan de Leeuw,Maak kennis met Johan de Leeuw after sales-manager bij Wim van Breda. Hij zorgt ervoor dat de klant ook na hun aankoop tevreden blijven.,,"index,follow",Article,assets/images/nieuws/dag-johan-de-leeuw/johan-wvb.png,,
/nieuws/de-dag-van-senior-verkoopadviseur-relatiemanager-gijs-de-hoop/,nieuws_item,de-dag-van-senior-verkoopadviseur-relatiemanager-gijs-de-hoop,De dag van senior verkoopadviseur relatiemanager Gijs de Hoop,De dag van senior verkoopadviseur relatiemanager Gijs de Hoop,"08.47 uur — Normaal gesproken ben ik ‘s ochtends tussen half negen en negen uur op de zaak: computer opstarten, kopje koffie drinken en een rondje maken door de werkplaats.",https://www.wimvanbreda.nl/nieuws/de-dag-van-senior-verkoopadviseur-relatiemanager-gijs-de-hoop/,De dag van senior verkoopadviseur relatiemanager Gijs de Hoop,"08.47 uur — Normaal gesproken ben ik ‘s ochtends tussen half negen en negen uur op de zaak: computer opstarten, kopje koffie drinken en een rondje maken door de werkplaats.",,"index,follow",Article,assets/images/nieuws/dag-gijs-de-hoop/guus-wvb.png,,
/nieuws/massey-ferguson-introduceert-met-de-6s-en-7s-serie-een-nieuw-tijdperk/,nieuws_item,massey-ferguson-introduceert-met-de-6s-en-7s-serie-een-nieuw-tijdperk,Massey Ferguson 6S en 7S serie: de nieuwe referentie in de tractor markt!,Massey Ferguson 6S en 7S serie: de nieuwe referentie in de tractor markt!,"Massey Ferguson is trots om de lancering aan te kondigen van zijn gloednieuwe MF 6S en 7S Series, die negen nieuwe modellen introduceert met maximale vermogens van de 135pk tot 190pk.",https://www.wimvanbreda.nl/nieuws/massey-ferguson-introduceert-met-de-6s-en-7s-serie-een-nieuw-tijdperk/,Massey Ferguson 6S en 7S serie: de nieuwe referentie in de tractor markt!,"Massey Ferguson is trots om de lancering aan te kondigen van zijn gloednieuwe MF 6S en 7S Series, die negen nieuwe modellen introduceert met maximale vermogens van de 135pk tot 190pk.",,"index,follow",Article,assets/images/nieuws/mf-6s-7s-serie/MF-6S-180_STATIC-AND-DETAILS_BEZU_0521-037_181873.jpg,,
/nieuws/revolutionair-en-veelzijdig-de-nieuwe-reform-metrac-h75/,nieuws_item,revolutionair-en-veelzijdig-de-nieuwe-reform-metrac-h75,Revolutionair en veelzijdig! De nieuwe Reform Metrac H75,Revolutionair en veelzijdig! De nieuwe Reform Metrac H75,"Al ruim 50 jaar lang is de Reform Metrac een begrip en toonaangevend in berg- en landschapsonderhoud! Van de hoogste bergen in de Alpen tot de steilste taluds in de Nederlandse bermen, al jaren is de Reform Metrac bij uitstek de meest geschikte tractor voor werkzaamheden in de meest onherbergzame terreinen.",https://www.wimvanbreda.nl/nieuws/revolutionair-en-veelzijdig-de-nieuwe-reform-metrac-h75/,Revolutionair en veelzijdig! De nieuwe Reform Metrac H75,"Al ruim 50 jaar lang is de Reform Metrac een begrip en toonaangevend in berg- en landschapsonderhoud! Van de hoogste bergen in de Alpen tot de steilste taluds in de Nederlandse bermen, al jaren is de Reform Metrac bij uitstek de meest geschikte tractor voor werkzaamheden in de meest onherbergzame terreinen.",,"index,follow",Article,assets/images/nieuws/reform-metrac-h75/1-MetracH75-368.jpg,,
/nieuws/greentec-rc-162-is-geknipt-voor-werk-langs-de-weg/,nieuws_item,greentec-rc-162-is-geknipt-voor-werk-langs-de-weg,GreenTec RC 162 is geknipt voor werk langs de weg,GreenTec RC 162 is geknipt voor werk langs de weg,De GreenTec RC 162 is ontwikkeld voor het nauwkeurig onderhouden van heggen. Met een gemiddelde rijsnelheid van circa 1 tot 2 kilometer per uur kan de bestuurder van de GreenTec RC 162 gemakkelijk een traject meerdere keren afleggen.,https://www.wimvanbreda.nl/nieuws/greentec-rc-162-is-geknipt-voor-werk-langs-de-weg/,GreenTec RC 162 is geknipt voor werk langs de weg,De GreenTec RC 162 is ontwikkeld voor het nauwkeurig onderhouden van heggen. Met een gemiddelde rijsnelheid van circa 1 tot 2 kilometer per uur kan de bestuurder van de GreenTec RC 162 gemakkelijk een traject meerdere keren afleggen.,,"index,follow",Article,assets/images/nieuws/greentec-rc-162/Ontwerp-zonder-titel-12.jpg,,
/nieuws/herder-introduceert-de-ecochopper/,nieuws_item,herder-introduceert-de-ecochopper,Herder introduceert de Ecochopper,Herder introduceert de Ecochopper | Wim van Breda,"De Herder Ecochopper is een innovatieve maaier met een ingebouwde hakselunit, gebaseerd op het principe van een schijvenmaaier.",https://www.wimvanbreda.nl/nieuws/herder-introduceert-de-ecochopper/,Herder introduceert de Ecochopper | Wim van Breda,"De Herder Ecochopper is een innovatieve maaier met een ingebouwde hakselunit, gebaseerd op het principe van een schijvenmaaier.",,"index,follow",Article,assets/images/nieuws/herder-ecochopper-lang/ecochopper.jpg.webp,,
/nieuws/ecologisch-groenbeheer/,nieuws_item,ecologisch-groenbeheer,Laura Kleinsman over ecologisch groenbeheer,Laura Kleinsman over ecologisch groenbeheer | Wim van Breda,Ecologisch bermbeheer volgens Kleurkeur stelt hoge eisen aan de manier van werken en aan de deskundigheid van het personeel.,https://www.wimvanbreda.nl/nieuws/ecologisch-groenbeheer/,Laura Kleinsman over ecologisch groenbeheer | Wim van Breda,Ecologisch bermbeheer volgens Kleurkeur stelt hoge eisen aan de manier van werken en aan de deskundigheid van het personeel.,,"index,follow",Article,assets/images/nieuws/ecologisch-groenbeheer/ecologisch-groenbeheer.jpg,,
/nieuws/de-eerste-elektrische-massey-ferguson-e-1700/,nieuws_item,de-eerste-elektrische-massey-ferguson-e-1700,De eerste elektrische Massey Ferguson e-1700,De eerste elektrische Massey Ferguson e-1700 | Wim van Breda,"Bij Wim van Breda hebben we iets bijzonders in de werkplaats staan: de Massey Ferguson E-1700, de allereerste volledig elektrische tractor van Massey Ferguson.",https://www.wimvanbreda.nl/nieuws/de-eerste-elektrische-massey-ferguson-e-1700/,De eerste elektrische Massey Ferguson e-1700 | Wim van Breda,"Bij Wim van Breda hebben we iets bijzonders in de werkplaats staan: de Massey Ferguson E-1700, de allereerste volledig elektrische tractor van Massey Ferguson.",,"index,follow",Article,assets/images/nieuws/mf-e1700/Kopie-van-3-Slimme-Manieren-om-taalfouten-in-technisch-schrijven-te-vermijden-4.jpg,,
/nieuws/belangrijke-stap-voor-de-toekomst-van-wim-van-breda-bv/,nieuws_item,belangrijke-stap-voor-de-toekomst-van-wim-van-breda-bv,Belangrijke stap voor de toekomst van Wim van Breda BV,Belangrijke stap voor de toekomst van Wim van Breda BV,Een belangrijke stap voor de toekomst van Wim van Breda BV is eind december 2021 genomen.,https://www.wimvanbreda.nl/nieuws/belangrijke-stap-voor-de-toekomst-van-wim-van-breda-bv/,Belangrijke stap voor de toekomst van Wim van Breda BV,Een belangrijke stap voor de toekomst van Wim van Breda BV is eind december 2021 genomen.,,"index,follow",Article,assets/images/nieuws/aandelenoverdracht/270278265_4629409593761576_1115562369940213782_n.jpg,,
/nieuws/greenline-100-biologisch-afbreekbaar-maaidraad/,nieuws_item,greenline-100-biologisch-afbreekbaar-maaidraad,GreenLine 100% biologisch afbreekbaar maaidraad,GreenLine 100% biologisch afbreekbaar maaidraad,Werk mee aan een schonere wereld en vervang uw maaidraad door een biologisch afbreekbaar alternatief!,https://www.wimvanbreda.nl/nieuws/greenline-100-biologisch-afbreekbaar-maaidraad/,GreenLine 100% biologisch afbreekbaar maaidraad,Werk mee aan een schonere wereld en vervang uw maaidraad door een biologisch afbreekbaar alternatief!,,"index,follow",Article,assets/images/nieuws/greenline-maaidraad/GreenLine-100-biologisch-afbreekbaar-maaidraad-2.jpg,,
/nieuws/greentec-puma-werktuigdrager-met-lrs-2002/,nieuws_item,greentec-puma-werktuigdrager-met-lrs-2002,Heggensnoeien met GreenTec Puma 3303 TELE en LRS 2002,Heggensnoeien met GreenTec Puma 3303 TELE en LRS 2002,Snoei kilometers aan heggen in een recordtijd. GreenTec Puma werktuigdrager met LRS 2002 cirkelzaag!,https://www.wimvanbreda.nl/nieuws/greentec-puma-werktuigdrager-met-lrs-2002/,Heggensnoeien met GreenTec Puma 3303 TELE en LRS 2002,Snoei kilometers aan heggen in een recordtijd. GreenTec Puma werktuigdrager met LRS 2002 cirkelzaag!,,"index,follow",Article,assets/images/nieuws/greentec-puma-lrs2002/Ontwerp-zonder-titel-8.jpg,,
/nieuws/greentec-rm-232-de-heggensnoeier/,nieuws_item,greentec-rm-232-de-heggensnoeier,GreenTec RM 232 - de heggensnoeier,GreenTec RM 232 - de heggensnoeier | Wim van Breda,GreenTec RM 232 heggensnoeier – Snoeien en versnipperen in één werkgang. Bent u op zoek naar een professionele heggensnoeier waarmee u sneller en efficiënter kunt werken zonder tijdrovend opruimen?,https://www.wimvanbreda.nl/nieuws/greentec-rm-232-de-heggensnoeier/,GreenTec RM 232 - de heggensnoeier | Wim van Breda,GreenTec RM 232 heggensnoeier – Snoeien en versnipperen in één werkgang. Bent u op zoek naar een professionele heggensnoeier waarmee u sneller en efficiënter kunt werken zonder tijdrovend opruimen?,,"index,follow",Article,assets/images/nieuws/greentec-rm232/GreenTec-heggenslagmaaier-RM-232-02.jpg,,
/nieuws/groene-sector-vakbeurs-2023/,nieuws_item,groene-sector-vakbeurs-2023,Groene Sector Vakbeurs 2023,Groene Sector Vakbeurs 2023 | Wim van Breda,"De 23e editie van De Groene Sector Vakbeurs vindt plaats op 10, 11 en 12 januari 2023 in Evenementenhal Hardenberg — hét kennis- en netwerkmoment voor de groene branche. Bezoek de stand van Wim van Breda.",https://www.wimvanbreda.nl/nieuws/groene-sector-vakbeurs-2023/,Groene Sector Vakbeurs 2023 | Wim van Breda,"De 23e editie van De Groene Sector Vakbeurs vindt plaats op 10, 11 en 12 januari 2023 in Evenementenhal Hardenberg — hét kennis- en netwerkmoment voor de groene branche. Bezoek de stand van Wim van Breda.",,"index,follow",Article,assets/images/nieuws/groene-sector-2023/Afbeelding-Groene-Sector-Vakbeurs-2023-4.jpg,,
/nieuws/groene-sector-2024/,nieuws_item,groene-sector-2024,Groene Sector Vakbeurs 2024,Groene Sector Vakbeurs 2024 | Wim van Breda,"De 24e editie van De Groene Sector Vakbeurs vindt plaats op 9, 10 en 11 januari 2024 in Evenementenhal Hardenberg — hét kennis- en netwerkmoment voor de groene branche. Bezoek de stand van Wim van Breda.",https://www.wimvanbreda.nl/nieuws/groene-sector-2024/,Groene Sector Vakbeurs 2024 | Wim van Breda,"De 24e editie van De Groene Sector Vakbeurs vindt plaats op 9, 10 en 11 januari 2024 in Evenementenhal Hardenberg — hét kennis- en netwerkmoment voor de groene branche. Bezoek de stand van Wim van Breda.",,"index,follow",Article,assets/images/nieuws/groene-sector-2024/Afbeelding-Groene-Sector-Vakbeurs-2023-4.jpg,,
/nieuws/heggensnoeiers-bij-wim-van-breda/,nieuws_item,heggensnoeiers-bij-wim-van-breda,Heggensnoeiers bij Wim van Breda,Heggensnoeiers bij Wim van Breda | Wim van Breda,"Een professionele heggensnoeier is onmisbaar voor het onderhouden van heggen langs wegen, percelen en openbare ruimtes.",https://www.wimvanbreda.nl/nieuws/heggensnoeiers-bij-wim-van-breda/,Heggensnoeiers bij Wim van Breda | Wim van Breda,"Een professionele heggensnoeier is onmisbaar voor het onderhouden van heggen langs wegen, percelen en openbare ruimtes.",,"index,follow",Article,assets/images/nieuws/heggensnoeiers-professioneel/DSC_4235.jpg,,
/nieuws/henk-van-blitterswijk-met-pensioen/,nieuws_item,henk-van-blitterswijk-met-pensioen,Henk van Blitterswijk met pensioen,Henk van Blitterswijk met pensioen | Wim van Breda,Wat deed jij in februari 1976? Veel mensen zullen deze vraag niet kunnen beantwoorden. Omdat ze nog niet geboren waren. Of omdat ze het niet meer weten.,https://www.wimvanbreda.nl/nieuws/henk-van-blitterswijk-met-pensioen/,Henk van Blitterswijk met pensioen | Wim van Breda,Wat deed jij in februari 1976? Veel mensen zullen deze vraag niet kunnen beantwoorden. Omdat ze nog niet geboren waren. Of omdat ze het niet meer weten.,,"index,follow",Article,assets/images/nieuws/henk-van-blitterswijk/Ontwerp-zonder-titel-6.jpg,,
/nieuws/de-ecochopper-en-fauna-flow-zijn-gecertificeerd/,nieuws_item,de-ecochopper-en-fauna-flow-zijn-gecertificeerd,De Ecochopper en Fauna Flow zijn gecertificeerd!,De Ecochopper en Fauna Flow zijn gecertificeerd!,De Ecochopper is Groenkeur gecertificeerd en klaar voor actie! De Herder Ecochopper is de eerste maaier met maaiarm die volledig voldoet aan de richtlijnen van Kleurkeur van De Vlinderstichting en Groenkeur.,https://www.wimvanbreda.nl/nieuws/de-ecochopper-en-fauna-flow-zijn-gecertificeerd/,De Ecochopper en Fauna Flow zijn gecertificeerd!,De Ecochopper is Groenkeur gecertificeerd en klaar voor actie! De Herder Ecochopper is de eerste maaier met maaiarm die volledig voldoet aan de richtlijnen van Kleurkeur van De Vlinderstichting en Groenkeur.,,"index,follow",Article,assets/images/nieuws/ecochopper-fauna-flow/3-Slimme-Manieren-om-taalfouten-in-technisch-schrijven-te-vermijden-7.jpg,,
/nieuws/herder-maaiarmen/,nieuws_item,herder-maaiarmen,Herder maaiarmen,Herder maaiarmen | Wim van Breda,Herder maaiarmen: de onbetwiste standaard in berm- en slootonderhoud. Innovatieve techniek voor maximaal rendement en ecologisch herstel.,https://www.wimvanbreda.nl/nieuws/herder-maaiarmen/,Herder maaiarmen | Wim van Breda,Herder maaiarmen: de onbetwiste standaard in berm- en slootonderhoud. Innovatieve techniek voor maximaal rendement en ecologisch herstel.,,"index,follow",Article,assets/images/nieuws/herder-maaiarmen/Ontwerp-zonder-titel-10.jpg,,
/nieuws/wim-van-breda-importeur-bb-umwelttechnik-dubbele-messenbalken/,nieuws_item,wim-van-breda-importeur-bb-umwelttechnik-dubbele-messenbalken,Wim van Breda is de nieuwe importeur van BB Umwelttechnik,Wim van Breda is de nieuwe importeur van BB Umwelttechnik,"Vanaf heden is Wim van Breda importeur van het Duitse merk BB Umwelttechnik. Vanuit Roßhaupten produceren zij dubbele messenbalken, harken en slijpmachines.",https://www.wimvanbreda.nl/nieuws/wim-van-breda-importeur-bb-umwelttechnik-dubbele-messenbalken/,Wim van Breda is de nieuwe importeur van BB Umwelttechnik,"Vanaf heden is Wim van Breda importeur van het Duitse merk BB Umwelttechnik. Vanuit Roßhaupten produceren zij dubbele messenbalken, harken en slijpmachines.",,"index,follow",Article,assets/images/nieuws/bb-umwelttechnik/BB-7.jpg,,
/nieuws/lampjes-lichtjes-optocht/,nieuws_item,lampjes-lichtjes-optocht,Lampjes & lichtjes optocht,Lampjes & lichtjes optocht | Wim van Breda,Afgelopen zaterdag en maandag heeft onze collega Tim Van Zoest meegereden met de Lampjes optocht de Betuwe en Lichtjes optocht Neder-Betuwe.,https://www.wimvanbreda.nl/nieuws/lampjes-lichtjes-optocht/,Lampjes & lichtjes optocht | Wim van Breda,Afgelopen zaterdag en maandag heeft onze collega Tim Van Zoest meegereden met de Lampjes optocht de Betuwe en Lichtjes optocht Neder-Betuwe.,,"index,follow",Article,assets/images/nieuws/lampjes-optocht/2.jpg,,
/nieuws/de-nieuwe-massey-ferguson-8s-ultieme-technieken-in-een/,nieuws_item,de-nieuwe-massey-ferguson-8s-ultieme-technieken-in-een,De nieuwe Massey Ferguson 8S,De nieuwe Massey Ferguson 8S | Wim van Breda,Massey Ferguson introduceert een compleet nieuw model! Met de nieuwe 8S serie is Massey Ferguson vier modellen rijker in het segment van 205 tot 265 pk.,https://www.wimvanbreda.nl/nieuws/de-nieuwe-massey-ferguson-8s-ultieme-technieken-in-een/,De nieuwe Massey Ferguson 8S | Wim van Breda,Massey Ferguson introduceert een compleet nieuw model! Met de nieuwe 8S serie is Massey Ferguson vier modellen rijker in het segment van 205 tot 265 pk.,,"index,follow",Article,assets/images/nieuws/mf-8s-serie/MF8S_265_Trailer_Quarry_FR_0520-1203_173577.jpg,,
/nieuws/massey-ferguson-in-kenmerkend-blauw/,nieuws_item,massey-ferguson-in-kenmerkend-blauw,Massey Ferguson in kenmerkend blauw!,Massey Ferguson in kenmerkend blauw! | Wim van Breda,Voor Gebr. van Kessel – VolkerWessels te Buren staan 2 Massey Fergusons 7S.190 in de startblokken voor aanbouw van een Herder Grenadier maaiarm.,https://www.wimvanbreda.nl/nieuws/massey-ferguson-in-kenmerkend-blauw/,Massey Ferguson in kenmerkend blauw! | Wim van Breda,Voor Gebr. van Kessel – VolkerWessels te Buren staan 2 Massey Fergusons 7S.190 in de startblokken voor aanbouw van een Herder Grenadier maaiarm.,,"index,follow",Article,assets/images/nieuws/mf-kenmerkend-blauw/Kessel-MF-7S.190-blauw-7.jpg,,
/nieuws/mowhawk-wint-innovatie-award-op-de-groene-sector-vakbeurs-2022/,nieuws_item,mowhawk-wint-innovatie-award-op-de-groene-sector-vakbeurs-2022,Mowhawk wint Innovatie Award,Mowhawk wint Innovatie Award | Wim van Breda,Het Mowhawk-camerasysteem heeft de Innovatie Award van De Groene Sector Vakbeurs gewonnen.,https://www.wimvanbreda.nl/nieuws/mowhawk-wint-innovatie-award-op-de-groene-sector-vakbeurs-2022/,Mowhawk wint Innovatie Award | Wim van Breda,Het Mowhawk-camerasysteem heeft de Innovatie Award van De Groene Sector Vakbeurs gewonnen.,,"index,follow",Article,assets/images/nieuws/mowhawk-innovatie-award/Mowhawk-e1647253743556.jpeg,,
/nieuws/mowhawk-wint-innovatieprijs/,nieuws_item,mowhawk-wint-innovatieprijs,MowHawk wint innovatieprijs,MowHawk wint innovatieprijs | Wim van Breda,De MowHawk (module kleurrijk) heeft de innovatieprijs Gouden Klavertje Vier 2024 gewonnen op de vakbeurs GroenTechniek Holland & Agrotechniek Holland.,https://www.wimvanbreda.nl/nieuws/mowhawk-wint-innovatieprijs/,MowHawk wint innovatieprijs | Wim van Breda,De MowHawk (module kleurrijk) heeft de innovatieprijs Gouden Klavertje Vier 2024 gewonnen op de vakbeurs GroenTechniek Holland & Agrotechniek Holland.,,"index,follow",Article,assets/images/nieuws/mowhawk-innovatieprijs-2024/2.png,,
/magazines/magazine-2025/,magazine,magazine-2025,Magazine 2025,Magazine 2025 (2025) | Wim van Breda,"Investeren in emissieloos materieel, waar let je op?",https://www.wimvanbreda.nl/magazines/magazine-2025/,Magazine 2025 (2025) | Wim van Breda,"Investeren in emissieloos materieel, waar let je op?",,"index,follow",,,,
/magazines/wvb-magazine-september-2024/,magazine,wvb-magazine-september-2024,WVB Magazine september 2024,WVB Magazine september 2024 (2024) | Wim van Breda,Biodiversiteit in de berm in beeld dankzij AI,https://www.wimvanbreda.nl/magazines/wvb-magazine-september-2024/,WVB Magazine september 2024 (2024) | Wim van Breda,Biodiversiteit in de berm in beeld dankzij AI,,"index,follow",,,,
/magazines/wvb-magazine-september-2023/,magazine,wvb-magazine-september-2023,WVB Magazine september 2023,WVB Magazine september 2023 (2023) | Wim van Breda,Robots als oplossing voor personeelstekorten,https://www.wimvanbreda.nl/magazines/wvb-magazine-september-2023/,WVB Magazine september 2023 (2023) | Wim van Breda,Robots als oplossing voor personeelstekorten,,"index,follow",,,,
/magazines/wvb-magazine-december-2022/,magazine,wvb-magazine-december-2022,WVB Magazine december 2022,WVB Magazine december 2022 (2022) | Wim van Breda,De stekkertrekker van Massey Ferguson,https://www.wimvanbreda.nl/magazines/wvb-magazine-december-2022/,WVB Magazine december 2022 (2022) | Wim van Breda,De stekkertrekker van Massey Ferguson,,"index,follow",,,,
/magazines/wvb-magazine-mei-2022/,magazine,wvb-magazine-mei-2022,WVB Magazine mei 2022,WVB Magazine mei 2022 (2022) | Wim van Breda,Nieuwe innovatie: Mohawk,https://www.wimvanbreda.nl/magazines/wvb-magazine-mei-2022/,WVB Magazine mei 2022 (2022) | Wim van Breda,Nieuwe innovatie: Mohawk,,"index,follow",,,,
/magazines/wvb-magazine-november-2021/,magazine,wvb-magazine-november-2021,WVB Magazine november 2021,WVB Magazine november 2021 (2021) | Wim van Breda,Twee nieuwkomers in de Nederlandse berm,https://www.wimvanbreda.nl/magazines/wvb-magazine-november-2021/,WVB Magazine november 2021 (2021) | Wim van Breda,Twee nieuwkomers in de Nederlandse berm,,"index,follow",,,,
/werken-bij/technisch-support-en-garantie/,vacature,technisch-support-en-garantie,Vacature technisch support en garantie,Technisch support en garantie | Wim van Breda,"Aanspreekpunt voor klanten, dealers en collega’s bij technische vraagstukken en garantieprocessen. Solliciteer direct bij Wim van Breda in Geldermalsen.",https://www.wimvanbreda.nl/werken-bij/technisch-support-en-garantie/,Technisch support en garantie | Wim van Breda,"Aanspreekpunt voor klanten, dealers en collega’s bij technische vraagstukken en garantieprocessen. Solliciteer direct bij Wim van Breda in Geldermalsen.",,"index,follow",JobPosting,,,"JobPosting datePosted=2026-07-17 (overgenomen van live wimvanbreda.nl, Yoast SEO datePublished)"
/werken-bij/verkoop-en-advies-parts/,vacature,verkoop-en-advies-parts,Vacature verkoop en advies parts,Verkoop en advies parts | Wim van Breda,Klanten aan de juiste onderdelen helpen en meedenken over onderhoud en voorraad. Solliciteer direct bij Wim van Breda in Geldermalsen.,https://www.wimvanbreda.nl/werken-bij/verkoop-en-advies-parts/,Verkoop en advies parts | Wim van Breda,Klanten aan de juiste onderdelen helpen en meedenken over onderhoud en voorraad. Solliciteer direct bij Wim van Breda in Geldermalsen.,,"index,follow",JobPosting,,,"JobPosting datePosted=2026-07-06 (overgenomen van live wimvanbreda.nl, Yoast SEO datePublished)"
/werken-bij/monteur-mechanisatie/,vacature,monteur-mechanisatie,Vacature monteur mechanisatie,Monteur mechanisatie | Wim van Breda,"Onderhoud, reparatie en opbouw van machines in onze werkplaats en bij klanten op locatie. Solliciteer direct bij Wim van Breda in Geldermalsen.",https://www.wimvanbreda.nl/werken-bij/monteur-mechanisatie/,Monteur mechanisatie | Wim van Breda,"Onderhoud, reparatie en opbouw van machines in onze werkplaats en bij klanten op locatie. Solliciteer direct bij Wim van Breda in Geldermalsen.",,"index,follow",JobPosting,,,"JobPosting datePosted=2022-03-09 (overgenomen van live wimvanbreda.nl, Yoast SEO datePublished)"
/werken-bij/open-sollicitatie/,vacature,open-sollicitatie,Open sollicitatie bij Wim van Breda,Open sollicitatie bij Wim van Breda | Wim van Breda,"Geen passende vacature, maar wel het gevoel dat je bij ons past? Stuur je open sollicitatie. Solliciteer direct bij Wim van Breda in Geldermalsen.",https://www.wimvanbreda.nl/werken-bij/open-sollicitatie/,Open sollicitatie bij Wim van Breda | Wim van Breda,"Geen passende vacature, maar wel het gevoel dat je bij ons past? Stuur je open sollicitatie. Solliciteer direct bij Wim van Breda in Geldermalsen.",,"index,follow","(geen JobPosting: open sollicitatie, geen specifieke functie)",,,
